reaction_names,bridging_centrality,betweenness_centrality,clustering_coefficient,degree_log10,is_essential
2AGPEAT120,0.0,0.0,0.0,0.7781512503836436,False
APH120,0.9985546190308024,1.088515772083531,0.16666666666666666,0.6020599913279624,False
FA120ACPHi,2.398680609368642,3.2985464721306643,0.13333333333333333,1.2304489213782739,False
FACOAE120,2.308937020077366,3.7173938184883224,0.5278195488721804,1.568201724066995,False
LPLIPAL2A120,0.0,0.0,0.04433497536945813,1.462397997898956,False
LPLIPAL2E120,0.0,0.0,0.0,0.6020599913279624,False
LPLIPAL2G120,0.0,0.0,0.0,0.6020599913279624,False
2AGPGAT120,2.7113886672699095,3.438387395206172,0.0,0.9030899869919435,False
AACPS7,2.746783801186344,4.052979694271676,0.055213148433487416,1.7993405494535817,False
ACPPAT120,2.490391526519989,3.409207708055775,0.14074074074074075,1.2304489213782739,False
AACPS1,2.86099299080191,4.251231572428459,0.054504728720756596,1.806179973983887,False
AACPS2,2.9078188043460935,4.119233076969291,0.05593849416755037,1.792391689498254,False
AACPS3,2.8208050781038323,4.03221935072703,0.05593849416755037,1.792391689498254,False
AACPS4,2.8566765890509083,4.16287248213624,0.055213148433487416,1.7993405494535817,False
AACPS5,3.07634722816531,4.015232372526548,0.057724957555178265,1.7781512503836436,False
AACPS6,3.021508015777351,3.9603931601385893,0.057724957555178265,1.7781512503836436,False
AACPS8,2.435647610098166,3.274620097478361,0.06372218476062036,1.7403626894942439,False
AACPS9,2.917495221162723,3.9300843484707433,0.062459336369551074,1.7481880270062005,False
ACOATA,2.7555221651036472,4.934096210361369,0.24455089820359283,2.2013971243204513,False
EAR120x,2.688846677610522,3.040800061256529,0.023809523809523808,0.8450980400142568,False
EAR120y,2.688846677610522,3.040800061256529,0.023809523809523808,0.8450980400142568,False
MCOATA,2.6764857009264533,5.141620997057532,0.19876480967985882,2.1903316981702914,True
UAGAAT,2.550878828592189,4.5699263299040975,0.1517346549752192,1.863322860120456,True
3OXCOAT,1.8473118344045236,3.6639679436141197,0.5109985528219971,1.9242792860618816,False
ACACT1r,1.5854561448716358,3.549194021642147,0.539267548321465,2.0,False
ACACT2r,2.0137504998596514,4.01737513868059,0.5181818181818182,2.0086001717619175,False
ACACT3r,1.991917939036923,4.011710869626936,0.5139953987730062,2.012837224705172,False
ACACT4r,2.0443774552115115,4.060036543396564,0.5192570869990225,2.0086001717619175,False
ACACT5r,2.0092738658017106,4.025271942782661,0.5192570869990225,2.0086001717619175,False
ACACT6r,2.120975353923036,4.1363135333169385,0.5192570869990225,2.0086001717619175,False
ACACT7r,2.1768558169590753,4.19191109439333,0.5192570869990225,2.0086001717619175,False
ACACT8r,2.1968810286707248,4.211936306104979,0.5192570869990225,2.0086001717619175,False
ACALD,2.380044141662351,4.410575529429406,0.46161211699164345,2.03342375548695,False
ACCOAL,2.8897580671139194,3.5682764461540333,0.3876363636363636,1.724275869600789,False
ACOAD5f,2.234854147255382,3.9101608905217757,0.6014234875444839,1.7323937598229686,False
ACPS1,2.791379251234642,4.276055645870214,0.34445701357466063,1.7781512503836436,False
ACS,2.549285729810679,4.199990831873185,0.4237392373923739,1.9590413923210936,False
AKGDH,2.3571226359357755,3.6503014524990016,0.3054089709762533,1.8325089127062364,False
CRNCAL2,2.0599283635308923,3.4608978427565478,0.3782703488372093,1.724275869600789,False
CRNDCAL2,1.9837765880368854,2.761927838420529,0.4499113475177305,1.6812412373755872,False
CTBTCAL2,2.011805311637129,3.0629578340845103,0.41625816993464054,1.6989700043360187,False
GLCATr,2.6352442887213368,4.604146180943322,0.4161073825503356,2.0569048513364727,False
GLYAT,2.321574981573502,4.531382754414601,0.42379211697393515,2.0530784434834195,False
MALTATr,2.3378411978595137,4.3777654412475835,0.515240328253224,2.0086001717619175,False
OBTFL,2.5152700594318342,3.8291121811514643,0.35704652730950776,1.7403626894942439,False
OXDHCOAT,2.0937597135098227,3.9132994440621265,0.528088094478136,1.9030899869919435,False
PACCOAL,2.269512944217916,3.6586790285824486,0.43154761904761907,1.6901960800285136,False
PDH,2.45232224006446,4.193203972476055,0.29148489255130067,2.0492180226701815,False
PFL,2.4150892350613864,4.369511064543228,0.2717898539816348,2.0644579892269186,False
POR5,2.774378417279829,5.192104764251841,0.2604289318755256,2.1903316981702914,False
PTAr,1.277100903391233,3.1684126532413446,0.5467095702719535,1.99563519459755,False
SERAT,2.47703523838963,4.841392083543648,0.38818897637795274,2.0755469613925306,True
SUCBZL,2.259429359789531,3.6485954441540636,0.43197278911564624,1.6901960800285136,False
SUCOAS,2.673147271434793,4.550865419787459,0.3985276561878233,2.0043213737826426,False
APG3PAT120,2.774031451818164,2.6993978335212603,0.058333333333333334,1.2041199826559248,False
APG3PAT140,2.77403944469419,2.699405826397286,0.058333333333333334,1.2041199826559248,False
APG3PAT141,2.774022251085916,2.6993886327890118,0.058333333333333334,1.2041199826559248,False
APG3PAT160,2.774022251085916,2.6993886327890118,0.058333333333333334,1.2041199826559248,False
APG3PAT161,2.774031451818164,2.6993978335212603,0.058333333333333334,1.2041199826559248,False
APG3PAT180,2.773998935295756,2.699365316998852,0.058333333333333334,1.2041199826559248,False
APG3PAT181,2.7751941052948257,2.7005604869979214,0.058333333333333334,1.2041199826559248,False
G3PAT120,2.9709752229995807,3.806169440397722,0.08640552995391705,1.4771212547196624,False
G3PAT140,2.9517213218265144,3.7869155392246556,0.08640552995391705,1.4771212547196624,False
G3PAT141,2.9841230542253423,3.8193172716234836,0.08640552995391705,1.4771212547196624,False
G3PAT160,2.9841230542253423,3.8193172716234836,0.08640552995391705,1.4771212547196624,False
G3PAT161,2.970004238648984,3.805198456047125,0.08640552995391705,1.4771212547196624,False
G3PAT180,3.0326082632870683,3.8678024806852096,0.08640552995391705,1.4771212547196624,False
G3PAT181,3.031361044858154,3.8665552622562953,0.08640552995391705,1.4771212547196624,False
G3PD2,2.710489288151288,4.644728351592092,0.19856303069888961,1.7481880270062005,True
G3PD5,2.771592282432649,3.759930175927285,0.16275167785234898,1.3979400086720377,False
G3PD6,2.762555126007513,4.051579904690436,0.09291187739463602,1.5185139398778875,False
G3PD7,2.643929451149744,3.9662017873886355,0.11252900232018562,1.4771212547196624,False
G3PT,2.599734819246395,3.432243731952631,0.07777777777777778,1.2304489213782739,False
PGSA120,2.855963825616921,3.759747999427366,0.04678362573099415,1.2787536009528289,False
PGSA140,2.853510846903447,3.757295020713892,0.04678362573099415,1.2787536009528289,False
PGSA141,2.8783457145625917,3.782129888373037,0.04678362573099415,1.2787536009528289,False
PGSA160,2.8564242423269155,3.760208416137361,0.04678362573099415,1.2787536009528289,False
PGSA161,2.9841108254853914,3.7922856137361114,0.04678362573099415,1.2787536009528289,False
PGSA180,2.905870208582744,3.809654382393189,0.04678362573099415,1.2787536009528289,False
PGSA181,3.019442336943543,3.8276171251942626,0.04678362573099415,1.2787536009528289,False
GPDDA2,2.628403862162434,4.393344966637881,0.01707317073170732,1.6127838567197355,False
GPDDA4,2.5860578345530563,4.428926394958098,0.032668881506090805,1.6334684555795864,False
LPLIPAL2ATE120,4.439081272452673,3.3034186704526,0.0,0.47712125471966244,False
LPLIPAL2ATG120,4.504739970981005,3.348392770121081,0.0,0.47712125471966244,False
3OAS100,2.8058631066239927,3.8658994098583137,0.1865671641791045,1.2304489213782739,False
3OAS120,2.792608349507226,3.8526446527415463,0.1865671641791045,1.2304489213782739,False
3OAS121,2.7820368093364496,3.787715450248178,0.22115384615384615,1.1760912590556813,False
3OAS140,2.2700022718655686,3.0749928239434814,0.19402985074626866,1.2304489213782739,True
3OAS141,2.920052327221257,3.9537596917332287,0.19327731092436976,1.2041199826559248,False
3OAS160,2.6685696802394765,3.7286059834737975,0.1865671641791045,1.2304489213782739,False
3OAS161,2.7054363406225326,3.7654726438568535,0.1865671641791045,1.2304489213782739,False
3OAS180,2.7054363406225326,3.7654726438568535,0.1865671641791045,1.2304489213782739,False
3OAS181,2.6894183207884526,3.7494546240227735,0.1865671641791045,1.2304489213782739,False
3OAS60,2.920052327221257,3.9537596917332287,0.19327731092436976,1.2041199826559248,False
3OAS80,2.920052327221257,3.9537596917332287,0.19327731092436976,1.2041199826559248,False
ACPPAT140,2.440685887695075,3.359502069230861,0.14074074074074075,1.2304489213782739,False
ACPPAT141,2.5208293784993816,3.4396455600351676,0.14074074074074075,1.2304489213782739,False
ACPPAT160,2.522487933816322,3.441304115352108,0.14074074074074075,1.2304489213782739,False
ACPPAT161,2.4861828586707584,3.4049990402065444,0.14074074074074075,1.2304489213782739,False
ACPPAT180,2.765797954142739,3.684614135678525,0.14074074074074075,1.2304489213782739,False
ACPPAT181,2.869584162796112,3.788400344331898,0.14074074074074075,1.2304489213782739,False
AGPAT120,2.7472045782373145,3.7666689084847884,0.15588235294117647,1.2787536009528289,False
AGPAT140,2.718183702812551,3.737648033060025,0.15588235294117647,1.2787536009528289,False
AGPAT141,2.761211554459505,3.780675884706979,0.15588235294117647,1.2787536009528289,False
AGPAT160,2.762929173255516,3.78239350350299,0.15588235294117647,1.2787536009528289,True
AGPAT161,2.7437543087517002,3.763218638999174,0.15588235294117647,1.2787536009528289,True
AGPAT180,2.818992517378381,3.838456847625855,0.15588235294117647,1.2787536009528289,False
AGPAT181,2.815835766169162,3.835300096416636,0.15588235294117647,1.2787536009528289,False
AOXSr2,3.830990553499538,4.506242638404952,0.12142857142857143,1.3222192947339193,True
EDTXS1,2.8489783067168264,3.4491336562369628,0.18518518518518517,1.2304489213782739,False
EDTXS2,2.818522785846397,3.755496851476599,0.18518518518518517,1.2304489213782739,False
EDTXS3,2.81683614900855,3.423754246724346,0.18518518518518517,1.2304489213782739,False
EDTXS4,2.422216022013824,2.870466954845675,0.21008403361344538,1.2041199826559248,False
FA100ACPHi,2.97974555635698,3.399967765588587,0.17307692307692307,1.1760912590556813,False
FA140ACPHi,2.328927847389849,3.2287937101518716,0.13333333333333333,1.2304489213782739,False
FA141ACPHi,2.765356125448093,3.6652219882101154,0.13333333333333333,1.2304489213782739,False
FA160ACPHi,2.4402235193773074,3.34008938213933,0.13333333333333333,1.2304489213782739,False
FA161ACPHi,2.8192115386023513,3.6825318006181043,0.13333333333333333,1.2304489213782739,False
FA80ACPHi,2.352516293829854,3.263161420737706,0.15126050420168066,1.2041199826559248,False
KAS14,1.894013802008983,2.8046589289168358,0.2754237288135593,1.2041199826559248,False
LIPOCT,3.3107033390545095,3.867856111881929,0.15126050420168066,1.2041199826559248,False
OPMEACPS,2.8916734934325845,3.897352134344313,0.22115384615384615,1.1760912590556813,True
U23GAAT,2.672812166340196,3.657837280095793,0.1962962962962963,1.2304489213782739,True
APH140,0.998904997816974,1.088515772083531,0.16666666666666666,0.6020599913279624,False
FACOAE140,2.3273436713305693,3.735644842175599,0.5278195488721804,1.568201724066995,False
LPLIPAL2A140,0.0,0.0,0.04433497536945813,1.462397997898956,False
LPLIPAL2E140,0.0,0.0,0.0,0.6020599913279624,False
LPLIPAL2G140,0.0,0.0,0.0,0.6020599913279624,False
APH141,0.9981932339615592,1.088515772083531,0.16666666666666666,0.6020599913279624,False
FACOAE141,1.7227118635641627,3.119430028010844,0.5119047619047619,1.5563025007672873,False
LPLIPAL2A141,0.0,0.0,0.04433497536945813,1.462397997898956,False
LPLIPAL2E141,0.0,0.0,0.0,0.6020599913279624,False
LPLIPAL2G141,0.0,0.0,0.0,0.6020599913279624,False
APH160,0.9981932339615592,1.088515772083531,0.16666666666666666,0.6020599913279624,False
FACOAE160,2.302903636791035,3.711521024537424,0.5278195488721804,1.568201724066995,False
LPLIPAL2A160,0.0,0.0,0.04433497536945813,1.462397997898956,False
LPLIPAL2E160,0.0,0.0,0.0,0.6020599913279624,False
LPLIPAL2G160,0.0,0.0,0.0,0.6020599913279624,False
APH161,1.1209729155994637,1.1541412788521184,0.16666666666666666,0.6020599913279624,False
FACOAE161,1.7527445570107412,3.1249825936482294,0.5119047619047619,1.5563025007672873,False
LPLIPAL2A161,0.0,0.0,0.04433497536945813,1.462397997898956,False
LPLIPAL2E161,0.0,0.0,0.0,0.6020599913279624,False
LPLIPAL2G161,0.0,0.0,0.0,0.6020599913279624,False
APH181,3.331974174881857,3.4230546442291896,0.16666666666666666,0.6020599913279624,False
FACOAE181,1.807946643970058,3.2050018528590822,0.5119047619047619,1.5563025007672873,False
LPLIPAL2A181,0.0,0.0,0.04433497536945813,1.462397997898956,False
LPLIPAL2E181,0.0,0.0,0.0,0.6020599913279624,False
LPLIPAL2G181,0.0,0.0,0.0,0.6020599913279624,False
APH180,2.9587658626385966,3.116553510861828,0.16666666666666666,0.6020599913279624,False
FACOAE180,2.1345381470769555,3.562542889680671,0.5119047619047619,1.5563025007672873,False
LPLIPAL2A180,0.0,0.0,0.04433497536945813,1.462397997898956,False
LPLIPAL2E180,0.0,0.0,0.0,0.6020599913279624,False
LPLIPAL2G180,0.0,0.0,0.0,0.6020599913279624,False
FACOAE100,1.8998775658147413,3.0491208434846624,0.5909090909090909,1.5440680443502757,False
FACOAE80,1.9161753298572848,3.3392896798657765,0.5580286168521462,1.5563025007672873,False
ACACCT,1.8869831792487184,2.7437961383323226,0.8087248322147651,1.3979400086720377,False
ACANTHAT,1.1612906843726074,2.4788040803576887,0.7333333333333333,1.7323937598229686,False
ACCOAC,2.7617032944754603,3.380257463664981,0.7934782608695652,1.380211241711606,True
ACGS,2.797534287625214,4.6737481317163825,0.3513665821358129,1.9294189257142926,True
AST,2.078074162475625,3.6046526774693106,0.5407142857142857,1.5797835966168101,False
BUTCT,3.091482846334731,3.5316723961307317,0.7461300309597523,1.414973347970818,False
CS,2.4400287173449753,4.0539286939496755,0.526579739217653,1.806179973983887,True
DHNCOAT,2.3650134619903884,3.6379311066721463,0.5730837789661319,1.5314789170422551,False
DPCOAK,2.4458338712181718,3.549467447258172,0.6079545454545454,1.5185139398778875,True
FACOAE60,1.9409526233691163,3.12229454047078,0.5979299363057324,1.5563025007672873,False
G1PACT,1.966061846619301,3.4286921840640043,0.7042349726775956,1.7403626894942439,True
HSST,2.319486943766691,3.606583249232243,0.5428571428571428,1.5797835966168101,True
HXCT,2.8661851355888133,3.422457272071554,0.7672413793103449,1.4313637641589874,False
IPPS,2.2049546097264257,3.8169727051188165,0.6587301587301587,1.7558748556724915,True
KAS15,2.028221657067166,3.6247275862813093,0.734107997265892,1.7403626894942439,False
MACPD,0.0,0.0,1.0,0.47712125471966244,False
MALS,2.8331745526194494,4.518046430950454,0.4936440677966102,1.8195439355418688,False
MCITS,2.4312259579686017,4.031233390120821,0.3582995951417004,1.6532125137753437,False
O16AT,2.2568214444118238,3.684529480644281,0.7312056737588652,1.7323937598229686,False
OGMEACPS,2.4575465211198955,3.9484094838470467,0.5833333333333334,1.5440680443502757,True
PTA2,2.1916867237907454,3.5505561771976035,0.5414012738853503,1.5563025007672873,False
SPMDAT1,2.4435536805163593,3.7690360061727164,0.7042349726775956,1.7403626894942439,False
SPMDAT2,2.4435536805163593,3.7690360061727164,0.7042349726775956,1.7403626894942439,False
TDPADGAT,2.2508152927757177,3.7937449349095322,0.7045765027322405,1.7403626894942439,False
THDPS,2.4544500585414846,3.6356456556741956,0.5421428571428571,1.5797835966168101,True
3HAD120,3.5991914332571953,3.532244643626582,0.0,0.47712125471966244,False
MALCOAMT,4.391533220931528,4.111170849221421,0.13333333333333333,0.7781512503836436,True
3HAD140,3.3659077727380144,3.3659077727380144,0.16666666666666666,0.6020599913279624,False
3OAR140,0.8906401429756691,1.0981697064042955,0.4444444444444444,0.6989700043360189,True
ACGAMT,3.7162652714642768,4.001379126931204,0.14285714285714285,0.8450980400142568,False
UAG2E,2.2718579749865015,3.0622058088197126,0.275,0.8450980400142568,False
UAGCVT,3.3918625558644653,3.6928925515284465,0.17857142857142858,0.9030899869919435,True
UAGDP,3.2310751482857563,3.7958465677594404,0.21428571428571427,0.8450980400142568,True
UAGPT3,2.978242775014007,4.059925855317818,0.13333333333333333,1.0,True
UHGADA,1.8048086561297656,1.5419351380745911,0.25,0.6020599913279624,True
HADPCOADH3,3.0261527186014883,3.041392685158225,0.0,0.47712125471966244,False
MMM,2.965552367748717,3.0624623807567732,0.35,0.6989700043360189,False
HACD1,2.7559066620571193,2.8698500143639563,0.25,0.6989700043360189,False
ACOAD1f,2.268214562726135,3.9299240748121687,0.6014234875444839,1.7323937598229686,False
HACD2,2.744246670729606,2.760952364232459,0.0,0.6020599913279624,False
ACOAD2f,2.2795299779499905,3.9632968464365983,0.5812200137080192,1.7403626894942439,False
HACD3,2.809056126467429,2.8256026794474662,0.0,0.6020599913279624,False
ACOAD3f,2.1935721002248636,3.869250533805934,0.6014234875444839,1.7323937598229686,False
HACD4,2.809351784615438,2.8260574781182903,0.0,0.6020599913279624,False
ACOAD4f,2.1839240970004514,3.8599951147531506,0.6014234875444839,1.7323937598229686,False
HACD5,2.8070725659394187,2.8237782594422716,0.0,0.6020599913279624,False
HACD6,2.9517863742962938,2.8005186989656448,0.0,0.6020599913279624,False
ACOAD6f,2.303654032888404,4.049295358295894,0.5611368142762723,1.7481880270062005,False
HACD7,2.952556088862707,2.801288413532058,0.0,0.6020599913279624,False
ACOAD7f,2.2922568586165286,4.037898184024019,0.5611368142762723,1.7481880270062005,False
HACD8,3.2857601959462226,3.1344925206155736,0.0,0.6020599913279624,False
ALCD2x,0.0,0.0,0.2962962962962963,1.0413926851582251,False
ALDD2x,1.9906185958770586,1.9221844949232791,0.17272727272727273,1.0413926851582251,False
ALDD2y,1.9906185958770586,1.9221844949232791,0.17272727272727273,1.0413926851582251,False
CPH4S,2.5668598681188324,3.7208158058710996,0.14545454545454545,1.0413926851582251,False
DRPA,3.5071206490504436,4.413904351736296,0.4142857142857143,1.1760912590556813,False
ETHAAL,2.6835915189239747,2.8327898896516643,0.3,0.6989700043360189,False
FDMO3,2.3081502423912252,3.008437469859698,0.06976744186046512,1.0,False
HOPNTAL,2.053288045999926,3.0927935895407397,0.29473684210526313,1.3010299956639813,False
THRA2i,1.1882107189848272,2.010918166166189,0.23636363636363636,1.0413926851582251,False
THRAi,2.4000307158426497,3.2227381630240113,0.21818181818181817,1.0413926851582251,False
ALDD3y,0.0,0.0,0.5,0.3010299956639812,False
PPAKr,0.0,0.0,0.4166666666666667,0.6020599913279624,False
PPCSCT,2.1860735343458924,3.3304268673280686,0.12751677852348994,1.3979400086720377,False
ACOAD8f,2.1946682961137247,3.9202506971431865,0.602846975088968,1.7323937598229686,False
ARBTNR1,1.4466069149081584,2.5829732540822152,0.7439293598233996,1.4913616938342726,False
CPGNR1,1.4466069149081584,2.5829732540822152,0.7439293598233996,1.4913616938342726,False
DAAD,2.7979313292854924,4.509003921809945,0.3198154443904808,1.8129133566428555,False
ECOAH5,1.8238189876858497,1.8548532214258184,0.0,0.6020599913279624,False
FADRx,0.8443574398408443,2.1982662420715613,0.6802721088435374,1.6334684555795864,False
FADRx2,0.8443574398408443,2.1982662420715613,0.6802721088435374,1.6334684555795864,False
FE3HOXR1,1.4466069149081584,2.5829732540822152,0.7439293598233996,1.4913616938342726,False
FE3Ri,2.539093455021505,3.7281661447115653,0.58147512864494,1.5440680443502757,False
FECRMR1,1.4466069149081584,2.5829732540822152,0.7439293598233996,1.4913616938342726,False
FEENTERR1,2.2482401705191566,3.5606376969077145,0.6962809917355371,1.505149978319906,False
FEOXAMR1,1.4466069149081584,2.5829732540822152,0.7439293598233996,1.4913616938342726,False
FMNAT,3.1474895769031894,3.888789082821255,0.21739130434782608,1.380211241711606,True
I2FE2SS,2.5228776271758524,3.923157620606473,0.3670520231213873,1.6989700043360187,False
I2FE2SS2,2.593179543507827,3.789548588595311,0.4041272570937231,1.6901960800285136,False
I4FE4SR,2.1273821348667137,3.140410460093288,0.8434504792332268,1.414973347970818,False
PROD2,2.365257176615063,3.947873461621238,0.56657223796034,1.6720978579357175,False
S2FE2SS,2.454169849371041,3.8664088799160456,0.3670520231213873,1.6989700043360187,False
S2FE2SS2,2.4890386645256197,3.704006885494286,0.4041272570937231,1.6901960800285136,False
S4FE4SR,2.1242274918728183,3.137255817099393,0.8434504792332268,1.414973347970818,False
BPNT,0.0,0.0,0.0,0.47712125471966244,True
ACKr,2.4006537104490677,1.9008219835389346,0.1201923076923077,1.1760912590556813,False
ACODA,3.063921354737368,3.3678251863243744,0.1,0.6989700043360189,True
AGDC,3.303861747069155,3.808016321602617,0.10714285714285714,0.9030899869919435,False
CITL,2.8986484800674517,3.4197698808157724,0.26851851851851855,1.0413926851582251,False
CYSS,3.209005154365495,4.329460918842216,0.01948051948051948,1.1139433523068367,True
NACODA,2.9630397579930756,3.1774274601917303,0.15,0.6989700043360189,False
POX,3.1802315185549452,3.8361927407584395,0.17027027027027028,1.591064607026499,False
ACOTA,1.996716039707366,3.966659851793945,0.474937343358396,1.845098040014257,True
ALATA_L,2.8225328874885385,5.033230494957589,0.21555827553379572,2.0863598306747484,False
ASPTA,2.418882420165298,4.852864790224309,0.26962081128747795,1.9822712330395684,True
GLUDy,1.3182155992882554,2.9716598871398086,0.5345882352941177,1.8195439355418688,True
HSTPT,2.054456507129324,3.717633948928722,0.5015255530129672,1.7160033436347992,True
ICDHyr,2.4983342616059705,3.8331858378617345,0.7313915857605178,1.5563025007672873,True
ILETA,1.672849957061185,3.7313469256285825,0.5031000885739593,1.8325089127062364,True
LEUTAi,1.9349003684228376,3.792500995859324,0.5011441647597255,1.7160033436347992,True
OHPBAT,1.571873509985847,3.7391318219382192,0.47451963241436923,1.845098040014257,True
PHETA1,1.5087916315014616,3.567288600068859,0.5031000885739593,1.8325089127062364,True
PSERT,2.4902272461466213,3.8539010692186837,0.5011441647597255,1.7160033436347992,False
SDPTA,2.011149842555912,3.7727170417246234,0.5035429583702391,1.8325089127062364,True
TDPAGTA,2.5088221915177225,3.83083298874556,0.5015255530129672,1.7160033436347992,False
TYRTA,1.9010032911862016,3.993663206361924,0.4883920894239037,1.8388490907372552,True
UDPKAAT,2.016851472955892,3.733567109738512,0.5031000885739593,1.8325089127062364,False
VALTA,1.6487685994785148,3.6178798556242544,0.4526627218934911,1.8573324964312685,False
CRNBTCT,-0.2938696200673589,0.17609125905568124,0.8333333333333334,0.9030899869919435,False
CRNCAR,0.2518119729937996,0.6989700043360189,0.68,0.9030899869919435,False
CRNCBCT,0.3125571565741178,0.9294189257142927,0.55,1.0,False
CRNCDH,-0.4471580313422192,0.0,0.76,0.9030899869919435,False
AMALT1,3.1218344427727867,3.632595166826908,0.38571428571428573,0.9542425094393249,False
AMALT2,3.124371160845855,3.776683051507758,0.359375,1.0791812460476249,False
AMALT3,3.130847200625087,3.8086840072962334,0.3684210526315789,1.1139433523068367,False
AMALT4,3.1680283470616226,3.671008367424991,0.328125,1.0791812460476249,False
G6PP,3.618930102060948,3.6783008383050197,0.39814814814814814,1.0413926851582251,False
GALS3,0.0,0.0,0.3333333333333333,0.6020599913279624,False
HEX1,3.2459199812831265,4.145134309734348,0.18043478260869567,1.3424226808222062,False
LACZ,0.0,0.0,0.3333333333333333,0.6020599913279624,False
MLTG1,0.23954889946461716,0.8647153189478135,0.4166666666666667,0.9542425094393249,False
MLTG2,2.7959468746243554,3.212851801767337,0.4074074074074074,0.9030899869919435,False
MLTG3,2.407434717181543,2.963952931796339,0.4186046511627907,1.0,False
MLTG4,2.4998866175781145,3.1521985082400175,0.3828125,1.0791812460476249,False
MLTG5,2.1863262735114297,2.7044622373150644,0.45588235294117646,0.9542425094393249,False
TRE6PH,2.5084748617315604,3.1755841400874476,0.4318181818181818,1.0,False
TREH,3.421354642744416,3.041392685158225,0.3333333333333333,0.6020599913279624,False
XYLI2,3.0736351053328708,3.473845036928088,0.18253968253968253,1.3010299956639813,False
AMPTASECG,0.0,0.0,0.10897435897435898,1.1139433523068367,False
AMPTASEPG,0.0,0.0,0.2857142857142857,0.9030899869919435,False
AOBUTDs,3.1790191277987567,3.634951083448481,0.25,0.6989700043360189,False
ATHRDHr,2.8870282235605305,3.062769949815128,0.3888888888888889,0.6989700043360189,False
GHMT2r,2.536813469520838,4.583093501707456,0.14556962025316456,1.7075701760979363,False
GLYCL,2.4359643721095803,3.515223397722367,0.25,1.3222192947339193,False
GLYTRS,0.0,0.0,0.375,0.9030899869919435,False
GTHS,3.111118337809218,4.1243118308862,0.15441176470588236,1.2304489213782739,False
PRAGSr,2.388458773683234,3.1642820177153705,0.3034188034188034,1.2041199826559248,True
SARCOX,0.0,0.0,0.13736263736263737,1.146128035678238,False
THRD,2.4599199820139575,2.6735435054146257,0.3333333333333333,0.6020599913279624,False
FHL,0.0,0.0,0.1,1.0,False
FORCT,2.35367833970442,3.3529539117100877,0.15555555555555556,1.146128035678238,False
FTHFLi,2.9907490525511546,3.991962166417874,0.22693726937269373,1.380211241711606,False
GART,4.0550758433094245,4.089837949568636,0.10555555555555556,1.146128035678238,False
THRD_L,2.5781913612406666,1.7105360297446452,0.0,0.47712125471966244,True
DHACOAH,3.0622058088197126,3.0622058088197126,0.0,0.47712125471966244,False
OXCOAHDH,5.245018870737753,3.6429588794097905,0.0,0.3010299956639812,False
ALDD19xr,0.0,0.0,0.0,0.0,False
PACCOAE,3.653501946962933,3.653501946962933,0.0,0.3010299956639812,False
ACNML,0.0,0.0,0.4166666666666667,1.2041199826559248,False
ADCL,2.06824035986669,3.0760886015596456,0.3713235294117647,1.2304489213782739,True
ALATA_D2,2.715507514424626,3.9353918767205385,0.15517241379310345,1.4471580313422192,False
ALATA_L2,2.8249850829522285,4.044869445248141,0.22666666666666666,1.4471580313422192,False
ANS,1.8211742724068272,3.426546921241128,0.24778270509977826,1.6334684555795864,True
CHRPL,2.209643773789069,3.242315599207057,0.3300653594771242,1.255272505103306,True
CYSDDS,0.0,0.0,0.36764705882352944,1.2304489213782739,False
CYSDS,2.411768209642237,3.463248141548759,0.29411764705882354,1.2787536009528289,False
CYSTL,1.968624399898028,3.0400004988136815,0.2953216374269006,1.2787536009528289,True
DAPAL,0.0,0.0,0.47619047619047616,1.1760912590556813,False
DDPGALA,3.377370080000105,4.883555000339307,0.24447879858657243,1.8325089127062364,False
DHAPT,2.9495772660791184,4.216680160080536,0.21889400921658986,1.4771212547196624,False
EDA,3.229678947255312,4.314627599447864,0.3,1.3979400086720377,False
GLCRAL,2.3293331495158363,3.3432115901797474,0.2982456140350877,1.2787536009528289,False
ICHORT,2.1443987024844806,3.1770705279024685,0.3333333333333333,1.255272505103306,False
L_LACD2,2.8613922472013105,3.59966728242207,0.34210526315789475,1.255272505103306,False
L_LACD3,2.6356947232942094,3.7532926413440375,0.159375,1.414973347970818,False
LDH_D,2.6075394342569194,3.7919152406142973,0.3078089461713419,1.7160033436347992,False
LDH_D2,3.137721350533374,3.9429431753847464,0.3125,1.3222192947339193,False
MALDDH,0.0,0.0,0.47619047619047616,1.1760912590556813,False
MCITL2,2.6793804176927,4.3330824242318675,0.19745801180208805,1.8260748027008264,False
MCPST,0.0,0.0,0.47619047619047616,1.1760912590556813,False
ME1,2.4706968813748946,3.1737255374713698,0.3362573099415205,1.2787536009528289,False
ME2,2.4706968813748946,3.1737255374713698,0.3362573099415205,1.2787536009528289,False
OAADC,2.39666591325299,3.201152210108243,0.23731884057971014,1.380211241711606,False
PYK,2.8986897523656747,3.6017184084621503,0.3382352941176471,1.2787536009528289,False
SERD_D,2.1998966607634403,2.8282916985630115,0.4166666666666667,1.2041199826559248,False
SERD_L,2.921925150789364,3.6886228867552164,0.2813852813852814,1.3424226808222062,False
SHCHCS3,2.23829404527615,3.3527611917238307,0.3713235294117647,1.2304489213782739,False
TRPAS2,2.136748591145707,3.638533937670544,0.2808988764044944,1.7323937598229686,False
VPAMTr,2.342716993728341,4.2434659836324355,0.22471350274040858,1.806179973983887,False
ACHBS,2.0963680082263028,3.3635397366293165,0.18093093093093093,1.568201724066995,True
ACLS,2.1077750894177876,3.3630475945210936,0.19126984126984126,1.5563025007672873,True
DHDPS,1.7921537214847798,3.0709073224376087,0.1728307254623044,1.5797835966168101,True
DXPS,2.7150460264802434,4.2291508474530755,0.15051020408163265,1.6901960800285136,True
FLDR2,2.2655336309149963,3.1550375740274617,0.3333333333333333,1.0791812460476249,False
MECDPDH5,3.5476699970722523,4.163461720443304,0.21052631578947367,0.8450980400142568,True
PPS,2.9256928869938483,4.428339177820085,0.15205327413984462,1.6334684555795864,False
RNTR1c2,3.1915658813770493,3.9015557859465346,0.2631578947368421,0.8450980400142568,False
RNTR2c2,3.5958838784550724,4.392110659215582,0.16279069767441862,1.0,False
RNTR3c2,3.1890673161475145,4.008201690142068,0.16176470588235295,0.9542425094393249,False
RNTR4c2,3.3918704855901978,3.9269739583595364,0.23684210526315788,0.8450980400142568,False
DHBSH,2.357575581555119,3.9401441214586077,0.14523809523809525,1.3222192947339193,False
GPDDA3,0.0,0.0,0.05110336817653891,1.6232492903979006,False
LSERDHr,1.9151702408518918,3.436571483566394,0.30120481927710846,1.3617278360175928,False
PSP_L,2.101407098102553,3.3942492507876802,0.22058823529411764,1.2304489213782739,False
PSSA120,2.63277838508686,3.748745314082685,0.19696969696969696,1.0791812460476249,False
PSSA140,2.630257956544355,3.7462248855401805,0.19696969696969696,1.0791812460476249,False
PSSA141,2.633256135191235,3.7492230641870603,0.19696969696969696,1.0791812460476249,False
PSSA160,2.633256135191235,3.7492230641870603,0.19696969696969696,1.0791812460476249,True
PSSA161,2.922977249460219,3.771825887431672,0.19696969696969696,1.0791812460476249,True
PSSA180,2.634738952831464,3.750705881827289,0.19696969696969696,1.0791812460476249,False
PSSA181,2.9310590579337394,3.7799076959051927,0.19696969696969696,1.0791812460476249,False
SERASr,1.797572628990671,3.299074071640203,0.32894736842105265,1.3424226808222062,False
SERTRS,0.0,0.0,0.5714285714285714,0.8450980400142568,False
SERTRS2,2.4554686421104464,3.057528633438409,0.42857142857142855,0.9030899869919435,False
TRPS1,3.125546148501901,4.146255982423073,0.2868421052631579,1.3010299956639813,False
TRPS2,1.7714246780122536,2.2417916055824847,0.25925925925925924,1.0413926851582251,False
DHNCOAS,4.873744929545732,3.643296008167458,0.5,0.3010299956639812,False
SUCBZS,1.9534375148030951,0.5642714304385625,0.0,0.3010299956639812,False
ASPO5,2.9437654817304355,3.33940957569239,0.21153846153846154,1.1760912590556813,False
DHORDfum,3.566222195050092,3.8899791870758964,0.24025974025974026,1.1139433523068367,False
FRD2,2.829870533820919,4.170308091595347,0.04823529411764706,1.4771212547196624,False
FRD3,3.2100775147252314,4.20041831220732,0.1,1.3010299956639813,False
HKNDDH,3.2267729605839173,3.6450290647211423,0.23333333333333334,0.7781512503836436,False
ICL,3.023895689512017,3.6919661519948432,0.1111111111111111,1.0,False
PPPGO3,3.6487927051140017,3.961546679850133,0.20555555555555555,1.146128035678238,False
SDPDS,3.0597075162720735,3.385987531978704,0.23333333333333334,0.7781512503836436,True
SGDS,1.8272908752535015,3.0415009461830307,0.4064039408866995,1.462397997898956,False
SHSL1,3.301064449892163,3.397054816389113,0.19642857142857142,0.9030899869919435,True
SSALx,2.981478710859155,2.773679416016416,0.26666666666666666,0.7781512503836436,False
SSALy,2.981478710859155,2.773679416016416,0.26666666666666666,0.7781512503836436,False
SUCDi,3.0350029174397264,4.196664339564585,0.14106583072100312,1.414973347970818,False
TAUDO,2.8216574897445432,3.4321192844808555,0.5547619047619048,1.3222192947339193,False
GLYK,1.751739344992859,3.315067838733597,0.06912442396313365,1.4771212547196624,False
GPDDA1,0.0,0.0,0.039886039886039885,1.4313637641589874,False
GPDDA5,0.0,0.0,0.043076923076923075,1.414973347970818,False
EAR140x,2.258411612766294,2.7455602074008993,0.017857142857142856,0.9030899869919435,False
EAR140y,2.258411612766294,2.7455602074008993,0.017857142857142856,0.9030899869919435,False
EAR141x,2.843626227747942,3.040800061256529,0.03333333333333333,0.7781512503836436,False
EAR141y,2.843626227747942,3.040800061256529,0.03333333333333333,0.7781512503836436,False
EAR160x,2.843626227747942,3.040800061256529,0.03333333333333333,0.7781512503836436,False
EAR160y,2.843626227747942,3.040800061256529,0.03333333333333333,0.7781512503836436,False
EAR161x,2.688846677610522,3.040800061256529,0.023809523809523808,0.8450980400142568,False
EAR161y,2.688846677610522,3.040800061256529,0.023809523809523808,0.8450980400142568,False
EAR180x,3.278006175950972,3.040800061256529,0.08333333333333333,0.6020599913279624,False
EAR180y,3.278006175950972,3.040800061256529,0.08333333333333333,0.6020599913279624,False
EAR181x,3.278006175950972,3.040800061256529,0.08333333333333333,0.6020599913279624,False
EAR181y,3.278006175950972,3.040800061256529,0.08333333333333333,0.6020599913279624,False
FBA,2.9105740005853544,4.245691290789276,0.3921852387843705,1.5797835966168101,False
FBA3,2.4455620725630336,3.622992468430207,0.4525316455696203,1.414973347970818,False
FCLPA,2.4697118528467787,3.638158987139397,0.45528455284552843,1.3617278360175928,False
MGSA,2.5184093377214185,3.792287087341785,0.3125,1.2041199826559248,False
QULNS,2.998205625212268,3.4241743574845493,0.30416666666666664,1.2041199826559248,True
RMPA,2.4697118528467787,3.638158987139397,0.45528455284552843,1.3617278360175928,False
TGBPA,2.9720676587156056,4.22420160134252,0.42637540453074435,1.5563025007672873,False
TPI,2.9238137737384093,4.163018348072115,0.45197255574614065,1.5440680443502757,True
QMO2,2.5820198243871597,4.379366518538713,0.012779552715654952,1.414973347970818,False
DMSOR1,2.3947569962590167,3.4705710380502155,0.0,1.2787536009528289,False
QMO3,2.410443972731236,3.5794197933926175,0.0,1.3010299956639813,False
SELR,2.446842348682068,3.6037609278181315,0.0,1.3010299956639813,False
TMAOR1,2.3947569962590167,3.4705710380502155,0.0,1.2787536009528289,False
AMMQLT8,3.2533104330298985,3.84062398476394,0.00641025641025641,1.1139433523068367,False
DMSOR2,2.4386399136928603,2.9791481472769155,0.0,0.9542425094393249,False
TMAOR2,2.4386399136928603,2.9791481472769155,0.0,0.9542425094393249,False
ALCD19,0.0,0.0,0.4,0.6989700043360189,False
GLYCDx,4.282136933553709,3.8309514129284468,0.16666666666666666,0.7781512503836436,False
CMPN,3.669728955051453,4.823275039765104,0.037815126050420166,1.5440680443502757,False
CYTK1,3.214291660088796,4.3555454079919596,0.06060606060606061,1.5440680443502757,False
DASYN120,3.359879334886451,3.7438835656151963,0.018518518518518517,0.9030899869919435,False
NTD4,2.969521209130868,4.290754590883136,0.030303030303030304,1.505149978319906,False
PGPP120,2.9045698220577187,3.2055998177217,0.0,0.47712125471966244,False
DASYN140,3.3519666782248656,3.7359709089536106,0.018518518518518517,0.9030899869919435,False
PGPP140,2.904584850171495,3.205614845835476,0.0,0.47712125471966244,False
DASYN141,3.365660242014602,3.749664472743347,0.018518518518518517,0.9030899869919435,False
PGPP141,2.97851095314442,3.279540948808401,0.0,0.47712125471966244,False
DASYN160,3.3613483693698014,3.7453526000985464,0.018518518518518517,0.9030899869919435,True
PGPP160,2.904550499432999,3.20558049509698,0.0,0.47712125471966244,False
DASYN161,3.36805054503395,3.752054775762695,0.018518518518518517,0.9030899869919435,True
PGPP161,2.7747991560142777,3.314711240593396,0.0,0.6020599913279624,False
DASYN180,3.382684171477606,3.766688402206351,0.018518518518518517,0.9030899869919435,False
PGPP180,3.0569878598256137,3.358017855489595,0.0,0.47712125471966244,False
DASYN181,3.38781589787192,3.771820128600665,0.018518518518518517,0.9030899869919435,False
PGPP181,2.8689465498618447,3.4088586344409624,0.0,0.6020599913279624,False
LPLIPAL2ATE140,4.436420312372676,3.300757710372603,0.0,0.47712125471966244,False
LPLIPAL2ATE141,4.347956734773469,3.212294132773396,0.0,0.47712125471966244,False
LPLIPAL2ATE160,4.439401887107355,3.3037392851072815,0.0,0.47712125471966244,False
LPLIPAL2ATE161,4.303350299169396,3.167687697169323,0.0,0.47712125471966244,False
LPLIPAL2ATE180,4.341718383519111,3.206055781519038,0.0,0.47712125471966244,False
LPLIPAL2ATE181,4.281582201374938,3.1459195993748654,0.0,0.47712125471966244,False
LPLIPAL2ATG140,4.5018171289101785,3.3454699280502544,0.0,0.47712125471966244,False
LPLIPAL2ATG141,4.4537961082273005,3.297448907367376,0.0,0.47712125471966244,False
LPLIPAL2ATG160,4.504826300225082,3.3484790993651576,0.0,0.47712125471966244,False
LPLIPAL2ATG161,4.413681817361418,3.257334616501494,0.0,0.47712125471966244,False
LPLIPAL2ATG180,4.44140069178085,3.285053490920926,0.0,0.47712125471966244,False
LPLIPAL2ATG181,4.388625434221241,3.232278233361318,0.0,0.47712125471966244,False
3OAR100,3.9648251178833886,3.6637951222194074,0.0,0.3010299956639812,False
EAR80x,3.1743389696267466,3.040800061256529,0.0,0.6020599913279624,False
EAR80y,3.1743389696267466,3.040800061256529,0.0,0.6020599913279624,False
3OAR120,3.7151673578484576,3.5390760987927767,0.0,0.3010299956639812,False
EAR100x,3.2429236435544557,2.943593432768369,0.08333333333333333,0.6020599913279624,False
EAR100y,3.2429236435544557,2.943593432768369,0.08333333333333333,0.6020599913279624,False
3OAR121,3.7151673578484576,3.5390760987927767,0.0,0.3010299956639812,False
T2DECAI,2.292581800376398,2.647969458362972,0.16666666666666666,0.6020599913279624,False
3OAR141,3.7151673578484576,3.5390760987927767,0.0,0.3010299956639812,False
EAR121x,3.9438900482484724,3.040800061256529,0.0,0.3010299956639812,False
EAR121y,3.9438900482484724,3.040800061256529,0.0,0.3010299956639812,False
3OAR160,3.7151673578484576,3.5390760987927767,0.0,0.3010299956639812,False
3OAR161,3.7151673578484576,3.5390760987927767,0.0,0.3010299956639812,False
3OAR180,3.7151673578484576,3.5390760987927767,0.0,0.3010299956639812,False
3OAR181,3.7151673578484576,3.5390760987927767,0.0,0.3010299956639812,False
3OAR60,3.7151673578484576,3.5390760987927767,0.0,0.3010299956639812,False
EAR40x,3.9438900482484724,3.040800061256529,0.0,0.3010299956639812,False
EAR40y,3.9438900482484724,3.040800061256529,0.0,0.3010299956639812,False
3OAR80,3.7151673578484576,3.5390760987927767,0.0,0.3010299956639812,False
EAR60x,3.9438900482484724,3.040800061256529,0.0,0.3010299956639812,False
EAR60y,3.9438900482484724,3.040800061256529,0.0,0.3010299956639812,False
PAPA120,2.9372670722114127,3.0622058088197126,0.0,0.6020599913279624,False
PAPA140,2.9372670722114127,3.0622058088197126,0.0,0.6020599913279624,False
PAPA141,2.9372670722114127,3.0622058088197126,0.0,0.6020599913279624,False
PAPA160,2.9372670722114127,3.0622058088197126,0.0,0.6020599913279624,False
PAPA161,2.9372670722114127,3.0622058088197126,0.0,0.6020599913279624,False
PAPA180,2.9372670722114127,3.0622058088197126,0.0,0.6020599913279624,False
PAPA181,2.9372670722114127,3.0622058088197126,0.0,0.6020599913279624,False
ALAR,2.9367375056699463,3.9606381367400543,0.22705314009661837,1.3222192947339193,True
AMAOTr,2.2775349837946677,4.076201646762936,0.06315789473684211,1.3010299956639813,True
CYSSADS,0.0,0.0,0.47619047619047616,0.8450980400142568,False
ICYSDS,3.1197139868603503,4.4022185558940325,0.08433734939759036,1.2787536009528289,True
LALGP,2.0983756571776095,3.5252195774834147,0.36774193548387096,1.4913616938342726,False
PMEACPE,4.539308246213091,3.518118947143153,0.0,0.3010299956639812,True
SCYSDS,2.8272778251763184,3.775696412064325,0.13725490196078433,1.1760912590556813,False
MOAT2,3.381125738059144,3.540175142154481,0.14285714285714285,0.8450980400142568,True
HEPT1,3.580896769300878,3.580896769300878,0.16666666666666666,0.47712125471966244,False
2AGPEAT140,0.0,0.0,0.0,0.7781512503836436,False
2AGPGAT140,2.7070462139967124,3.434044941932975,0.0,0.9030899869919435,False
2AGPEAT141,0.0,0.0,0.0,0.7781512503836436,False
2AGPGAT141,2.532721373309737,3.2597201012459993,0.0,0.9030899869919435,False
2AGPEAT160,0.0,0.0,0.0,0.7781512503836436,False
2AGPGAT160,2.7117050937707847,3.4387038217070467,0.0,0.9030899869919435,False
2AGPEAT161,2.357092101549441,2.503220137227679,0.0,0.8450980400142568,False
2AGPGAT161,2.4329016457329424,3.3249962484234232,0.0,0.9542425094393249,False
OCTNLL,3.187526072695956,2.3636173317516374,0.0,0.47712125471966244,False
3OAR40,3.5390760987927767,3.5390760987927767,0.0,0.47712125471966244,False
LIPOS,3.079649840298832,4.194176591905802,0.0398936170212766,1.3010299956639813,False
EGMEACPR,4.21728649275249,3.3422252293607904,0.0,0.3010299956639812,True
OPMEACPR,3.5389505620143615,3.5389505620143615,0.0,0.3010299956639812,True
LPADSS,2.592116167151194,3.286592323004953,0.19047619047619047,0.8450980400142568,True
USHD,2.341055582735829,2.383131389516462,0.25,0.6020599913279624,True
CTECOAI6,3.1893071556899995,3.2152304012657025,0.5,0.6989700043360189,False
CTECOAI7,3.1930137023697336,3.2189369479454366,0.5,0.6989700043360189,False
2AGPEAT181,2.1140227506427665,2.193203996690391,0.0,0.7781512503836436,False
2AGPGAT181,2.269468163846324,3.110410244089423,0.0,0.9030899869919435,False
CTECOAI8,3.255061157869917,3.282335242736579,0.5,0.6989700043360189,False
2AGPEAT180,0.0,0.0,0.0,0.6989700043360189,False
2AGPGAT180,2.4653214976472597,3.1343282786058357,0.0,0.8450980400142568,False
HCO3E,0.0,0.0,0.0,0.6020599913279624,True
ABTA,2.0582379079064648,3.773332303011649,0.5618253189401374,1.662757831681574,False
ACGK,2.9743963276065566,2.6733663319425753,0.0,0.3010299956639812,True
ADCS,2.30534489676097,3.468696815977559,0.44297082228116713,1.4471580313422192,True
ASNS1,1.8551351335897563,3.3409537107178795,0.4409722222222222,1.4771212547196624,False
CBPS,1.9720463975249238,3.3941556438842064,0.4160493827160494,1.462397997898956,False
CTPS2,2.497022763579035,4.545219909714179,0.21184371184371184,1.6127838567197355,True
GF6PTA,2.9777104474067104,4.45116330155756,0.30099857346647646,1.5797835966168101,True
GGGABAH,1.9883936227480878,3.0874433798126466,0.5538461538461539,1.414973347970818,False
GLUN,0.5216736223871778,1.583695614706541,0.5551839464882943,1.3979400086720377,False
GLUPRT,3.1986853013530743,4.380335567035166,0.4148148148148148,1.462397997898956,True
GLUR,1.5847444732648075,3.207122772084243,0.5485915492957747,1.7323937598229686,True
GLUSy,1.2250300190457948,2.5018958594128557,0.6859452736318408,1.6127838567197355,False
GMPS2,3.107950082412227,4.434836206901178,0.3609913793103448,1.4913616938342726,True
IG3PS,2.271633876825494,3.7587747959250466,0.41358024691358025,1.462397997898956,True
P5CD,2.8664496899668346,3.9455050215849785,0.49230769230769234,1.414973347970818,False
PRFGS,2.960140257568187,4.307522268558598,0.44297082228116713,1.4471580313422192,True
PTRCTA,2.1359971899211474,3.75237187183176,0.6092342342342343,1.6334684555795864,False
SOTA,1.9671366784295221,3.573292195158448,0.6382978723404256,1.6232492903979006,False
ARGSL,2.2545265815582387,3.8087324501340114,0.30666666666666664,1.255272505103306,True
SADH,3.235046628747945,1.9128273340140258,0.0,0.3010299956639812,False
ALDD4,2.5182003393257575,1.404256987018921,0.0,0.3010299956639812,False
ACONTa,2.919725930622592,3.3351329226453186,0.38461538461538464,0.7781512503836436,True
DTARTD,0.0,0.0,0.42857142857142855,0.8450980400142568,False
MDH,2.4229839997352096,3.398237620287696,0.32195121951219513,1.3222192947339193,False
MDH2,3.20248180873304,3.735740470486237,0.32666666666666666,1.1139433523068367,False
MDH3,3.055439159252468,4.043002442778524,0.12561576354679804,1.3222192947339193,False
MOX,2.7508498915051054,4.247812417112721,0.1504,1.5563025007672873,False
PPC,3.2451946500908626,3.637127842293513,0.2777777777777778,1.0413926851582251,False
TARTD,0.0,0.0,0.42857142857142855,0.8450980400142568,False
DHNAOT4,3.41349561347012,3.7346530629760366,0.0,0.7781512503836436,False
PTPATi,3.8663507366169254,3.705771643739492,0.0,0.47712125471966244,True
PGAMT,2.4918275162582173,2.0462458731509527,0.25,0.6020599913279624,True
HSDy,3.2954077236348907,3.8709601644831424,0.1111111111111111,0.6989700043360189,True
DHAD1,3.5499007014783057,3.3422252293607904,0.3,0.6989700043360189,True
IPPMIb,3.5389505620143615,3.5389505620143615,0.0,0.47712125471966244,True
FDMO6,2.4596775846350543,3.224530432292738,0.0,1.0,False
FUM,2.579497093522277,3.8340602820073983,0.2701612903225806,1.3617278360175928,True
GLYCTO2,3.0974418053923616,3.700407740373447,0.0,1.0,False
GLYCTO3,2.793238127723546,3.8273635908958044,0.0,1.255272505103306,False
GLYCTO4,2.764267399130262,3.7925451822050857,0.0,1.1760912590556813,False
UGLYCH,3.084493182682946,3.342619902163463,0.0,0.6989700043360189,False
MCITD,1.3301962817419895,1.1541050226863083,0.0,0.3010299956639812,False
MMCD,3.485359347775303,3.0416618485425904,0.08333333333333333,0.6020599913279624,False
O16GLCT1,3.143058963084713,3.641108757645884,0.2222222222222222,0.9542425094393249,False
OGMEACPR,3.3630475945210936,3.3630475945210936,0.0,0.3010299956639812,True
GSPMDA,3.0111056544538726,3.8605358449224907,0.18518518518518517,1.0413926851582251,False
SPMS,3.237946345664114,3.5645304458004836,0.0,0.8450980400142568,False
AADDGT,3.4104083256102036,3.4773551152408166,0.16666666666666666,0.6020599913279624,False
DHDPRy,4.329270508262071,3.050516907309242,0.0,0.3010299956639812,True
AHCYSNS,3.627072955658807,4.519993517945924,0.025735294117647058,1.2304489213782739,True
METAT,2.5548507440694106,4.416791969756618,0.03757225433526012,1.4313637641589874,True
ACMAMUT,2.7054438295886936,3.210394178173113,0.16666666666666666,0.8450980400142568,False
NTD2,3.849266956069385,4.235554773774561,0.12962962962962962,1.0413926851582251,False
UDCPDP,3.252977163900914,3.717509291312556,0.0,0.7781512503836436,True
UMPK,3.3909740104471124,4.179722331608208,0.12727272727272726,1.380211241711606,True
UACMAMO,1.2052494877968947,0.661181443446619,0.0,0.3010299956639812,False
ENO,2.79289579200575,3.8130891817126438,0.21710526315789475,1.1139433523068367,True
PPCK,2.587897831633486,3.6875245882584107,0.17407407407407408,1.2304489213782739,False
PSCVT,3.257558237017288,4.23952101186518,0.23846153846153847,1.0791812460476249,True
UAPGR,3.3370009745246922,3.688109834531991,0.0,0.6020599913279624,True
NDPK2,3.3401494078497125,4.596011429911128,0.16028708133971292,1.3222192947339193,True
MPTG,3.2879466838799534,2.8108254291602908,0.0,0.3010299956639812,True
MPTG2,3.2879466838799534,2.8108254291602908,0.0,0.3010299956639812,False
PAPPT3,3.781199469700298,3.8467339183076534,0.1,0.6989700043360189,True
RNDR4,3.036265166307029,3.6741994142635708,0.11481481481481481,1.2304489213782739,False
RNDR4b,2.709442753722932,3.3423793115239646,0.11481481481481481,1.2304489213782739,False
ECOAH1,2.155176822623559,2.0967250614346784,0.0,0.6020599913279624,False
ECOAH2,1.8061559492639292,1.8366452714118295,0.0,0.6020599913279624,False
ECOAH3,1.8096198813130469,1.8406541150530156,0.0,0.6020599913279624,False
ECOAH4,1.7948033665190133,1.825837600258982,0.0,0.6020599913279624,False
ECOAH6,1.4416013908864522,1.8898659055836409,0.3333333333333333,0.7781512503836436,False
ECOAH7,1.4464248272002382,1.894689341897427,0.3333333333333333,0.7781512503836436,False
ECOAH8,1.97821905112378,2.4270970628602733,0.3333333333333333,0.7781512503836436,False
CBIAT,2.623327920665922,3.533151290316834,0.39705882352941174,0.9542425094393249,False
CBLAT,1.117385598717854,1.6766936096248666,0.39705882352941174,0.9542425094393249,False
CDGS,3.3639878297484915,3.3639878297484915,0.0,0.3010299956639812,False
DHPTPE,0.0,0.0,0.3333333333333333,0.47712125471966244,False
GTPCI,3.1402292936617062,4.15813850914739,0.1,1.0,True
PPA2,0.0,0.0,0.5,0.7781512503836436,False
PPK2r,0.0,0.0,0.5192307692307693,0.9030899869919435,False
F6PA,2.7359946891874083,4.146906469303417,0.39697802197802196,1.591064607026499,False
GAPD,2.695639593518255,3.636110447794398,0.6311475409836066,1.3617278360175928,True
PPM2,3.818350039603069,4.417405268790142,0.8,1.0413926851582251,False
TALA,2.3678292802836913,4.203679851587501,0.3372717508055854,1.6434526764861874,False
TKT1,3.1263005906259176,4.850457420201032,0.2711864406779661,1.6020599913279623,False
TKT2,2.758229077916332,4.463835144625925,0.30639097744360905,1.6720978579357175,False
FMNRx,2.5180922529331156,3.9229087457419705,0.0,1.3617278360175928,False
FMNRx2,2.5180922529331156,3.9229087457419705,0.0,1.3617278360175928,False
SULRi,3.535254773265975,4.091093036167675,0.0,1.0413926851582251,False
OP4ENH,2.9888797409707593,2.1649710000264406,0.0,0.47712125471966244,False
THRS,2.834075877245269,3.756864224060549,0.0,0.6989700043360189,True
FCLT,1.9606290058167812,3.021326846170393,0.0,1.3617278360175928,True
FESR,2.786231374197363,3.684773733438586,0.006734006734006734,1.3979400086720377,False
SHCHF,0.0,0.0,0.0,1.3222192947339193,True
4PCP,2.7100374144939336,3.3394341130109906,0.10714285714285714,0.9030899869919435,False
AGM4PCP,0.0,0.0,0.2,0.7781512503836436,False
ALAALAD,0.0,0.0,0.5555555555555556,0.6989700043360189,False
ALAALAr,2.6758338837613853,3.4150815675548376,0.27358490566037735,1.0413926851582251,True
AM4PCP,2.6386284982651134,3.00742883739262,0.2,0.7781512503836436,False
UM4PCP,3.1115141315114716,3.4803144706389784,0.23333333333333334,0.7781512503836436,False
ENTERES2,0.0,0.0,0.0,0.3010299956639812,False
FE3DHBZR,0.0,0.0,0.0,0.3010299956639812,False
FESD1s,3.5680321466402116,3.580266603057223,0.052884615384615384,1.1760912590556813,False
FESD2s,2.476399200950171,2.0115124026475204,0.1111111111111111,0.6989700043360189,False
ENTERES,4.477444421373318,3.854195130975417,0.0,0.6989700043360189,False
ARBTNR2,1.5604435500800045,2.1717888766807336,0.015625,1.0791812460476249,False
CPGNR2,1.5604435500800045,2.1717888766807336,0.015625,1.0791812460476249,False
FDMO,2.1169953879320844,2.788130408141412,0.019230769230769232,0.9030899869919435,False
FDMO2,2.5262237714485414,2.8061522644410606,0.0,0.8450980400142568,False
FDMO4,2.4130223627974834,3.1151706846338847,0.0,0.8450980400142568,False
FE3HOXR2,1.5604435500800045,2.1717888766807336,0.015625,1.0791812460476249,False
FECRMR2,1.5604435500800045,2.1717888766807336,0.015625,1.0791812460476249,False
FEENTERR2,1.5463980631788798,2.3931667005753314,0.013157894736842105,1.1139433523068367,False
FEOXAMR2,1.5604435500800045,2.1717888766807336,0.015625,1.0791812460476249,False
RBFK,4.235481109202754,4.3448003801926305,0.0,1.0,True
ARBTNR3,1.9223572393235955,2.669700476594989,0.015625,1.0791812460476249,False
CPGNR3,1.9223572393235955,2.669700476594989,0.015625,1.0791812460476249,False
FE3HOXR3,1.9223572393235955,2.669700476594989,0.015625,1.0791812460476249,False
FECRMR3,1.9223572393235955,2.669700476594989,0.015625,1.0791812460476249,False
FEENTERR3,2.0398883992433166,2.9771493122697903,0.013157894736842105,1.1139433523068367,False
FEOXAMR3,1.9223572393235955,2.669700476594989,0.015625,1.0791812460476249,False
I2FE2ST,2.4804946963121144,2.5592780545793627,0.125,0.6989700043360189,False
I4FE4ST,1.9214641841843918,2.3804256103877344,0.03333333333333333,0.7781512503836436,False
I2FE2SR,2.713638615826776,2.9949625210776794,0.15789473684210525,0.8450980400142568,False
P5CR,2.830354694320014,3.1494829120767918,0.0,0.6020599913279624,True
S2FE2ST,2.4348909266336722,2.5136742849009206,0.125,0.6989700043360189,False
S4FE4ST,1.901827147203688,2.3607885734070306,0.03333333333333333,0.7781512503836436,False
S2FE2SR,2.6082126707550364,2.911305826982791,0.15789473684210525,0.8450980400142568,False
PAPSR,3.1818759469082045,3.56190436627154,0.0,0.6989700043360189,False
PAPSR2,3.2294240421590437,3.6067976939887756,0.0,0.6989700043360189,False
OCBT,2.6353121936205555,3.398740187183493,0.16666666666666666,0.9030899869919435,True
ORNDC,3.5802204947757983,3.5703921751119303,0.1,0.6989700043360189,False
ACGAMK,2.9613891562707537,3.251423767633272,0.1,0.7781512503836436,False
ACM6PH,3.0205621658245403,3.312651818275773,0.15,0.6989700043360189,False
AMANAPEr,3.2472463806231504,3.0431263979672254,0.2,0.6989700043360189,False
DC6PH,0.0,0.0,0.5,0.47712125471966244,False
G6PDA,2.7518924199372856,3.56688270062164,0.5055555555555555,1.146128035678238,False
CYSTRS,0.0,0.0,0.0,0.3010299956639812,False
GLUCYS,3.230455198174747,3.531485193838728,0.3627450980392157,1.5314789170422551,False
PPNCL2,3.3237918845418384,4.047701785904992,0.06944444444444445,0.9542425094393249,True
AGPR,3.154352689287698,3.087405899657085,0.2,0.6020599913279624,True
G5SADs,3.4689888637275126,3.531136770476357,0.0,0.6020599913279624,True
DHFS,3.128576414137031,3.4709990949592373,0.38446969696969696,1.5185139398778875,True
GGPTRCS,3.0426640752648413,3.6199004828677714,0.36363636363636365,1.5314789170422551,False
GLNS,2.786065454805575,4.569025811531789,0.30085653104925053,1.6434526764861874,True
GLU5K,2.1233197086079425,3.3274396912638675,0.4092741935483871,1.505149978319906,False
GLUDC,2.087811400548606,1.930203547186938,0.43434343434343436,1.505149978319906,False
GLUTRS,2.8647806784858236,3.9061733636440485,0.38519924098671726,1.5185139398778875,True
SEPHCHCS,3.3147429149465384,3.3630475945210936,0.6637426900584795,1.2787536009528289,False
ALATRS,0.0,0.0,0.42857142857142855,0.8450980400142568,False
UAMAS,2.4910693879986625,2.9681906427183247,0.25,0.9542425094393249,True
ADSS,3.6389134922384567,4.561008603095889,0.14497041420118342,1.2787536009528289,True
ARGSS,3.551139087751763,2.9948365869844755,0.2,0.6989700043360189,True
ASNN,1.5521972997681053,3.070285574472443,0.13059701492537312,1.2304489213782739,False
ASNS2,2.497585146835199,2.9438298350817917,0.3333333333333333,0.6989700043360189,False
ASP1DC,3.0869848802861335,3.2119236168944334,0.3333333333333333,0.6020599913279624,True
ASPCT,3.0273662610248406,3.328396256688822,0.19642857142857142,0.9030899869919435,True
ASPK,2.4244882594246087,3.998599966595518,0.152317880794702,1.255272505103306,True
ASPO3,3.093737872262248,2.8760450824170496,0.14285714285714285,0.7781512503836436,False
ASPO4,2.748145389809861,3.372979120060419,0.023255813953488372,1.146128035678238,False
ASPO6,2.289665060231163,3.0238248076819305,0.10909090909090909,1.0413926851582251,False
ASPT,2.5933163125067833,3.388173125891022,0.29545454545454547,1.0791812460476249,False
ASPTRS,0.0,0.0,0.6666666666666666,0.47712125471966244,False
PRASCSi,3.918596039798431,3.362293539031144,0.2,0.6989700043360189,True
HISTP,3.3639878297484915,3.3639878297484915,0.0,0.3010299956639812,True
IGPDH,0.0,0.0,0.5,0.3010299956639812,True
ACONTb,2.5254664728769587,3.064682014432822,0.2777777777777778,0.8450980400142568,True
DHAD2,4.874220444839686,3.3427415277974313,0.0,0.3010299956639812,True
ILETRS,0.0,0.0,0.0,0.0,False
LEUTRS,0.0,0.0,0.0,0.0,False
OMCDC,4.9329605509958965,3.5179872030250783,0.0,0.3010299956639812,True
4HTHRS,0.0,0.0,0.0,0.0,False
PDX5PS,3.2829011088081,3.851102832875095,0.0,0.7781512503836436,True
PERD,2.8234492110565537,2.523795744221376,0.0,0.6020599913279624,True
PHETRS,0.0,0.0,0.0,0.0,False
PPNDH,4.233392732401553,2.701913815359298,0.0,0.3010299956639812,True
PGCD,4.50206141176781,3.3881180594609734,0.3333333333333333,0.6020599913279624,False
TDPGDH,3.6347672097585595,3.82724888500241,0.0,0.47712125471966244,False
PPND,4.3127732735288875,2.774954178455613,0.0,0.3010299956639812,True
TYRL,3.0868697236092055,3.764324585807429,0.02857142857142857,0.9542425094393249,True
TYRTRS,0.0,0.0,0.0,0.0,False
UDPGDC,4.65497615249553,3.123497235453275,0.0,0.3010299956639812,False
ULA4NFT,2.9939293011449357,3.677067189634846,0.5,1.0791812460476249,False
MOHMT,2.54899938093546,3.5431235991698893,0.3223684210526316,1.1139433523068367,True
VALTRS,0.0,0.0,1.0,0.3010299956639812,False
MLTP1,2.4831684734382784,3.7345075200563813,0.3333333333333333,1.3222192947339193,False
MLTP2,2.4680558638368386,3.7189166437481402,0.34,1.3424226808222062,False
MLTP3,2.526199367778183,3.696199884824073,0.36684782608695654,1.3010299956639813,False
AAMYL,0.0,0.0,0.6666666666666666,0.6020599913279624,False
AB6PGH,0.0,0.0,0.6666666666666666,0.7781512503836436,False
FFSD,0.0,0.0,0.4107142857142857,0.9030899869919435,False
FRULYSDG,2.634026204296203,3.89170056790982,0.31196581196581197,1.2041199826559248,False
G6PDH2r,2.8020802737938086,3.706179224111084,0.47333333333333333,1.1139433523068367,False
PGI,2.959604964049147,4.348085324734105,0.345679012345679,1.505149978319906,False
PGMT,2.808176332422695,4.104941856161223,0.2901023890784983,1.3979400086720377,False
GALKr,2.4587133719337437,1.6294095991027189,0.0,0.6020599913279624,False
TRE6PS,2.763523425392921,3.900809701215878,0.1814814814814815,1.2304489213782739,False
TRE6PP,3.363235804483694,3.0622058088197126,0.0,0.3010299956639812,False
F6PP,2.6599463238476404,2.858210561854513,0.5844155844155844,1.1139433523068367,False
HEX7,2.6054053453868655,3.42039562607122,0.5111111111111111,1.146128035678238,False
PROTRS,0.0,0.0,0.0,0.3010299956639812,False
AACTOOR,2.272433194373947,3.6239420325177143,0.038461538461538464,1.146128035678238,False
APPLDHr,0.0,0.0,0.5,0.3010299956639812,False
AICART,2.838401315996514,4.074974282030126,0.325187969924812,1.380211241711606,True
DHFR,3.5240271046708926,3.983932505072529,0.5049019607843137,1.1760912590556813,True
FMETTRS,3.2267895991195608,3.681303527410737,0.6057692307692307,1.0413926851582251,False
FTHFD,2.0268051900323476,2.841236529632392,0.47333333333333333,1.1139433523068367,False
GARFT,2.6147194131427813,3.8530878785196965,0.35902255639097747,1.380211241711606,False
METS,3.1970646220305494,4.006428875520823,0.16025641025641027,1.1139433523068367,True
MTHFD,2.504064053631232,3.409786693038462,0.2558139534883721,1.0,False
MTHFR2,3.805770027693024,3.2938866667141498,0.5833333333333334,0.6020599913279624,True
TMDS,3.415827239048199,3.8732044355721045,0.16071428571428573,0.9030899869919435,True
ASR,0.0,0.0,0.32857142857142857,0.9542425094393249,False
FALGTHLs,2.292786409011884,3.5195034536621375,0.22781065088757396,1.2787536009528289,False
GRXR,2.9164010581603965,4.083841130090246,0.0696969696969697,1.2787536009528289,False
GSPMDS,3.9051498257062813,3.8637571405480564,0.19318181818181818,1.0,False
GTHOr,2.879259918034064,3.875545301289941,0.3277027027027027,1.255272505103306,False
GTHPi,2.8304020854554204,2.8538831813049432,0.10294117647058823,1.2787536009528289,False
LGTHL,3.780735662854071,3.780735662854071,0.1574074074074074,1.0413926851582251,False
SELGTHR,3.3488385653786468,3.5821167767757847,0.25471698113207547,1.0413926851582251,False
CAT,0.0,0.0,0.1,1.0,False
METOX1s,2.768147048813799,3.2240790044635235,0.026455026455026454,1.3010299956639813,False
METOX2s,2.768147048813799,3.2240790044635235,0.026455026455026454,1.3010299956639813,False
THIORDXi,3.4344246766528808,3.2583334175971994,0.06923076923076923,1.0791812460476249,False
AMPMS2,3.0672931480856884,3.5307595216326706,0.1,0.7781512503836436,True
DB4PS,3.823337555298881,4.5055471196796475,0.16666666666666666,0.9542425094393249,True
GTPCII2,2.843061638651283,3.640757754175355,0.125,0.9030899869919435,True
SFGTHi,2.0342230815729923,3.097997047728314,0.14743589743589744,1.1139433523068367,False
UPLA4FNF,2.375303420060676,2.5283920392829513,0.15,0.6989700043360189,False
OXCDC,0.0,0.0,0.0,0.3010299956639812,False
MTHFC,2.453912889880284,3.3684668489221603,0.4126984126984127,1.0791812460476249,False
REPHACCOAI,3.6482624057480444,3.6482624057480444,0.0,0.3010299956639812,False
AMANK,0.7781512503836436,0.38021124171160603,0.0,0.3010299956639812,False
DHPS2,4.0991150172235225,3.0577223320652975,0.0,0.47712125471966244,True
HYPOE,2.9372670722114127,3.0622058088197126,0.0,0.6020599913279624,False
PDX5PO2,3.1697880819618285,3.302413647236419,0.0,0.6989700043360189,False
PDX5POi,2.6513925513225476,3.57681063167244,0.045454545454545456,1.0791812460476249,False
PYAM5PO,2.632329266821496,3.592509453430601,0.039473684210526314,1.1139433523068367,False
PYDXK,3.0056771328916905,3.041392685158225,0.0,0.6020599913279624,False
ANPRT,3.142247454836335,3.5401874635083725,0.2,0.6989700043360189,True
CHORS,3.3275919496142565,4.002403264307395,0.14285714285714285,0.8450980400142568,True
ICHORS_copy1,2.176640413718369,2.958712607797141,0.14285714285714285,0.9542425094393249,False
HBZOPT,3.543908209612809,3.543908209612809,0.0,0.47712125471966244,True
H2SO,3.9639086346402066,3.4867873799205444,0.0,0.6020599913279624,False
HCYSMT,2.6802776804979005,3.1056072743444467,0.04285714285714286,0.9542425094393249,False
HCYSMT2,2.8348107198848527,2.987778180093396,0.0,0.7781512503836436,False
DDGALK,4.573660511558021,3.042181594515766,0.0,0.3010299956639812,False
TRPS3,2.5400651407920263,3.2166935991697545,0.5512820512820513,1.1139433523068367,False
DDGLK,4.8080983884823985,3.887279634530023,0.0,0.47712125471966244,False
EDD,4.995419413827308,4.074600659874933,0.0,0.47712125471966244,False
GALCTD,0.0,0.0,0.0,0.0,False
GLCRD,0.0,0.0,0.0,0.0,False
HPYRI,2.798964374045131,3.363235804483694,0.2857142857142857,0.7781512503836436,False
TRSARr,2.952867974482069,3.584891189187475,0.2,0.9542425094393249,False
DHBD,1.6328089065550782,1.6328089065550782,0.16666666666666666,0.47712125471966244,False
ICHORS_copy2,2.8386038012426895,2.878608962914273,0.3333333333333333,0.6989700043360189,False
LCADi,3.619162653665368,3.370520727461075,0.3,0.7781512503836436,False
GLYOX,2.907276957995304,3.776832717962197,0.2037037037037037,1.0413926851582251,False
GLYOX3,3.5647335928533184,2.9918938059330182,0.16666666666666666,0.6020599913279624,False
MICITDr,4.390346233139389,3.041392685158225,0.0,0.47712125471966244,False
DSERDHr,3.5598677657470685,3.0622058088197126,0.0,0.47712125471966244,False
MTRPOX,0.0,0.0,0.08888888888888889,1.0,False
TRPTRS,0.0,0.0,0.3333333333333333,0.6020599913279624,False
KARA2,3.353265122674165,3.353265122674165,0.0,0.3010299956639812,True
KARA1,3.7507012003958686,3.3527611917238307,0.0,0.3010299956639812,True
ASAD,3.7673448231663436,3.916365755349058,0.125,0.6989700043360189,True
DXPRIi,3.4349714896730963,3.3100327530647964,0.0,0.47712125471966244,True
THZPSN3,3.717647164509285,3.97671265862973,0.0,0.7781512503836436,True
DMPPS,2.9647309210536292,3.061640934061686,0.16666666666666666,0.47712125471966244,False
IPDPS,3.14440869690257,3.936800386400824,0.23333333333333334,0.7781512503836436,False
MECDPS,3.461322553004956,3.524374298752045,0.1,0.6989700043360189,True
DDPA,3.2833012287035497,3.760422483423212,0.25,0.9542425094393249,True
KDOPS,2.8377501554126283,3.3148714101322905,0.2,0.7781512503836436,True
DATPHs,2.764245363251373,3.5423966136350167,0.08333333333333333,0.6020599913279624,False
NDPK8,2.2570478880835294,2.926054669042105,0.2,0.8450980400142568,False
NTPP5,3.081981091538499,3.303829841154855,0.3333333333333333,0.6020599913279624,False
ADK3,2.409931043626183,4.531169627481699,0.16084977238239756,1.568201724066995,False
GDPTPDP,1.1600156719350083,3.0377354401663403,0.1111111111111111,1.3617278360175928,False
NDPK1,2.409931043626183,4.531169627481699,0.16084977238239756,1.568201724066995,False
NDPK5,2.5223027262147824,3.115219338102875,0.2,0.8450980400142568,False
NTPP1,2.692182012706051,2.9932120083700324,0.3333333333333333,0.6020599913279624,False
NTPTP1,3.255631718342945,3.8614453586380257,0.23809523809523808,0.8450980400142568,False
DCTPD,2.852385963636547,3.056505946292472,0.16666666666666666,0.6020599913279624,False
NDPK3,2.4931435777074378,4.196980637671916,0.08244680851063829,1.3010299956639813,False
NDPK7,2.1944280110609156,2.863434792019491,0.2,0.8450980400142568,False
NTPP3,3.0035843808424882,3.3046143765064695,0.3333333333333333,0.6020599913279624,False
DUTPDP,3.4507936029554407,3.7237948750191787,0.1,0.6989700043360189,False
NDPK6,2.904768024705246,2.904768024705246,0.1,0.6989700043360189,False
DHBS,3.0484882441993646,3.0484882441993646,0.16666666666666666,0.47712125471966244,False
PSD120,0.0,0.0,0.0,0.0,False
PSD140,0.0,0.0,0.0,0.0,False
PSD141,0.0,0.0,0.0,0.0,False
PSD160,0.0,0.0,0.0,0.0,True
PSD161,2.9079166989368024,2.5099766902647644,0.0,0.3010299956639812,True
PSD180,0.0,0.0,0.0,0.0,False
PSD181,3.0095976129548014,2.611657604282764,0.0,0.3010299956639812,False
ENTCS,3.7075889735214735,3.485740223905117,0.0,0.47712125471966244,False
SELCYSS,0.0,0.0,0.0,0.3010299956639812,False
IGPS,3.9457892884913797,3.5264511351181116,0.0,0.47712125471966244,True
ADSL1r,2.9399987514868173,3.7721316646263214,0.45098039215686275,1.1760912590556813,True
ADSL2r,2.8564431937944645,3.81562479602202,0.31543624161073824,1.255272505103306,True
HKNTDH,2.672717378207587,3.6450290647211423,0.2909090909090909,1.0413926851582251,False
DHORTS,3.10212906863762,3.317244435595008,0.0,0.6020599913279624,True
ORPT,2.4253117288724244,3.8824299324953655,0.11851851851851852,1.2304489213782739,True
DHORD5,2.6966559359733893,3.2492073814482194,0.0,1.0791812460476249,False
DSBAO2,1.4158247547086629,1.7934888074063888,0.0,1.0,False
NADH10,1.4158247547086629,1.7934888074063888,0.0,1.0,False
NADPHQR3,1.4158247547086629,1.7934888074063888,0.0,1.0,False
NADH9,2.2974042018300285,2.685508440966558,0.0,0.8450980400142568,False
NADPHQR4,2.2974042018300285,2.685508440966558,0.0,0.8450980400142568,False
HPPPNDO,3.821513528404773,3.520483532740792,0.0,0.47712125471966244,False
GLXCL,3.4952257097504975,3.842013195975154,0.03571428571428571,0.9030899869919435,False
GLYCLTDx,2.2601640222401014,2.5611940179040826,0.0,0.9542425094393249,False
GLYCLTDy,2.2601640222401014,2.5611940179040826,0.0,0.9542425094393249,False
CPPPGO,3.2997976145863137,3.3841185002863496,0.0,0.47712125471966244,False
CPPPGO2,2.8381418061352286,3.7228233110047935,0.022727272727272728,1.0,False
DAPE,2.8517634380163273,3.1070359431196333,0.16666666666666666,0.6020599913279624,True
SGSAD,4.223677006740818,3.0623090045058436,0.0,0.3010299956639812,False
GHBDHx,0.0,0.0,0.3333333333333333,0.47712125471966244,False
G2PP,0.0,0.0,0.3333333333333333,0.47712125471966244,False
CHOLD,-0.47712125471966244,0.3010299956639812,0.0,0.47712125471966244,False
3HAD141,3.532244643626582,3.532244643626582,0.0,0.47712125471966244,False
3HAD160,3.532244643626582,3.532244643626582,0.0,0.47712125471966244,False
3HAD161,3.5991914332571953,3.532244643626582,0.0,0.47712125471966244,False
3HAD180,3.356153384570901,3.532244643626582,0.0,0.47712125471966244,False
3HAD181,3.356153384570901,3.532244643626582,0.0,0.47712125471966244,False
FBP,2.2590111376937343,3.0740014183780886,0.5388888888888889,1.146128035678238,False
FRUK,0.0,0.0,0.5,0.3010299956639812,False
PFK,2.4617244964271103,2.565759560073698,0.6233766233766234,1.1139433523068367,False
E4PD,2.1518645795030866,2.7530756364430227,0.46875,0.9542425094393249,True
PFK_3,2.354490431572546,1.4166383383213905,0.6666666666666666,0.47712125471966244,False
FCLK,4.102879434869378,3.042181594515766,0.0,0.3010299956639812,False
LALDO3,2.432766179222078,2.8344663367674223,0.36666666666666664,0.7781512503836436,False
LCARS,0.0,0.0,0.6538461538461539,0.7781512503836436,False
ALR2,2.886866575028829,3.0629578340845103,0.0,0.47712125471966244,False
LALDO2x,2.886866575028829,3.0629578340845103,0.0,0.47712125471966244,False
NNDPR,3.312111870906265,3.6545345517284717,0.16666666666666666,0.7781512503836436,True
RMK,4.102879434869378,3.042181594515766,0.0,0.3010299956639812,False
PFK_2,4.297454099619072,3.042181594515766,0.0,0.3010299956639812,False
DHORD2,3.4297132351507016,3.0198194127091584,0.0,0.6020599913279624,False
DMQMT,3.9439568831536502,3.7101543197677884,0.03333333333333333,0.7781512503836436,False
DSBAO1,0.0,0.0,0.0,0.3010299956639812,False
NADH5,0.0,0.0,0.0,0.3010299956639812,False
NADPHQR2,0.0,0.0,0.0,0.3010299956639812,False
SPODM,2.7093931576029457,3.2975173709876153,0.08333333333333333,0.9542425094393249,False
CDAPPA120,2.7111122486366925,3.155212834198612,0.07142857142857142,0.7781512503836436,False
CDAPPA140,2.7011416083928537,3.1452421939547737,0.07142857142857142,0.7781512503836436,False
CDAPPA141,2.7130063549074306,3.1571069404693506,0.07142857142857142,0.7781512503836436,False
CDAPPA160,2.7129830876255068,3.1570836731874268,0.07142857142857142,0.7781512503836436,False
CDAPPA161,2.7088956146280196,3.152996200189939,0.07142857142857142,0.7781512503836436,False
CDAPPA180,2.71875183061322,3.16285241617514,0.07142857142857142,0.7781512503836436,False
CDAPPA181,2.7166753662984595,3.160775951860379,0.07142857142857142,0.7781512503836436,False
CSND,3.1932945603249236,3.72212745502256,0.2857142857142857,0.8450980400142568,False
CYTDK2,3.4695963393550784,4.280002949670816,0.24431818181818182,1.146128035678238,False
MOAT,3.1053374299529355,3.2475704217476493,0.2,0.7781512503836436,True
MOAT3C,3.8720483084385826,4.1101840584831475,0.06666666666666667,0.7781512503836436,False
NTPP4,3.02904328400939,2.674430460272777,0.25,0.6989700043360189,False
PPM,3.3383804098024794,4.482309256427607,0.3224489795918367,1.3617278360175928,False
PRPPS,2.9710059701041693,4.571650355874733,0.16722972972972974,1.3979400086720377,False
R5PP,2.829142293036047,2.7877496078778217,0.4090909090909091,1.0,False
RPI,3.396486616413072,4.3836455799426615,0.30743243243243246,1.255272505103306,True
NTP5,1.7739000451439173,2.1134934359472592,0.42857142857142855,0.7781512503836436,False
RNDR3,3.2339495662288638,3.6414348928071316,0.175,0.8450980400142568,False
RNDR3b,3.0082431581167426,3.4122361495368176,0.175,0.8450980400142568,False
DAGK120,2.9902401627108435,3.041392685158225,0.0,0.47712125471966244,False
CYTD,3.0120321872317826,2.9589873111066964,0.25,0.6020599913279624,False
CYTDH,2.678005426264519,2.5239084609150058,0.0,0.47712125471966244,False
DAGK140,2.9902401627108435,3.041392685158225,0.0,0.47712125471966244,False
DAGK141,2.9902401627108435,3.041392685158225,0.0,0.47712125471966244,False
DAGK160,2.9902401627108435,3.041392685158225,0.0,0.47712125471966244,False
DAGK161,2.990240162710844,3.041392685158225,0.0,0.47712125471966244,False
CFAS160G,3.2893446579519554,2.7578657409097,0.05,0.6989700043360189,False
DAGK180,2.9902401627108435,3.041392685158225,0.0,0.47712125471966244,False
DAGK181,2.990240162710844,3.041392685158225,0.0,0.47712125471966244,False
CFAS180G,3.267795816175467,2.736316899133212,0.05,0.6989700043360189,False
3HAD100,3.1815577738627865,3.6586790285824486,0.16666666666666666,0.6020599913279624,False
3HAD80,3.356153384570901,3.532244643626582,0.0,0.47712125471966244,False
3HAD121,3.0551233889069196,3.532244643626582,0.0,0.47712125471966244,False
3HAD60,3.0551233889069196,3.532244643626582,0.0,0.47712125471966244,False
3HAD40,3.0551233889069196,3.532244643626582,0.0,0.47712125471966244,False
ACONMT,3.1915852893174197,2.563196359267108,0.08333333333333333,0.6020599913279624,False
ADMDC,2.9757744581219763,3.2556151547160193,0.08333333333333333,0.6020599913279624,False
BTS5,2.540412579629587,3.465764240453435,0.1038961038961039,1.1139433523068367,True
CFAS160E,3.9332873921047127,3.4018084750624573,0.05,0.6989700043360189,False
CFAS180E,3.928488415801227,3.3970094987589716,0.05,0.6989700043360189,False
DBTS,0.0,0.0,0.5,0.3010299956639812,True
OHPHM,2.965978839439483,3.835900463178772,0.023809523809523808,0.8450980400142568,False
OMBZLM,2.808496640192766,3.6784182639320546,0.023809523809523808,0.8450980400142568,False
UPP3MT,2.9908477023099653,3.437092390556558,0.05,0.6989700043360189,True
MOADSUx,4.270440789885772,4.1220209574279485,0.1,0.6020599913279624,True
ALAGLUE,4.54431490238393,3.3539832042136384,0.0,0.3010299956639812,False
EPMEACPR,3.5251744278352715,3.5251744278352715,0.0,0.3010299956639812,True
KDOCT2,3.402367627681763,3.8582995833314873,0.06666666666666667,0.7781512503836436,True
AGMHE,2.839582662533289,3.7146439259249893,0.05,0.6989700043360189,False
HEPT2,3.413505928615512,3.589597187671193,0.16666666666666666,0.47712125471966244,False
5DOAN,3.4480865290941756,3.76564339813143,0.125,0.9030899869919435,True
METTRS,3.5633882908270387,3.5219956056688138,0.011111111111111112,1.0,False
OGMEACPD,3.3527611917238307,3.3527611917238307,0.0,0.3010299956639812,True
OPMEACPD,3.532117116248804,3.532117116248804,0.0,0.3010299956639812,True
TDSK,2.9672583889963797,2.490137134276717,0.0,0.3010299956639812,True
AIRC2,2.8961189832794103,3.0722102423350917,0.0,0.47712125471966244,True
CYNTAH,0.0,0.0,0.0,0.0,False
ABUTD,1.684892276895825,0.3231644408782321,0.0,0.3010299956639812,False
ASNTRS,0.0,0.0,0.0,0.3010299956639812,False
CBMKr,0.0,0.0,0.4444444444444444,0.6989700043360189,False
MEPCT,3.2371454419225443,3.5381754375865255,0.08333333333333333,0.6020599913279624,True
MOCDS,0.0,0.0,0.16666666666666666,0.47712125471966244,False
ALLULPE,2.30541485142696,3.52543355342882,0.5919282511210763,1.3424226808222062,False
M1PD,0.0,0.0,0.7213114754098361,1.3010299956639813,False
MAN6PI,2.649835481982432,3.93390990634625,0.4674657534246575,1.3979400086720377,False
SBTPD,0.0,0.0,0.7213114754098361,1.3010299956639813,False
GGGABADr,4.220150456753134,3.1062071044462978,0.0,0.3010299956639812,False
R15BPK,2.2771557596601886,3.5405520617278086,0.14102564102564102,1.1139433523068367,False
UAMAGS,3.521249228073907,3.396310491465607,0.0,0.47712125471966244,True
GK1,3.0192805920907126,4.130336375116132,0.2214765100671141,1.3979400086720377,True
GMPR,3.2957426174706788,4.010005131401658,0.09090909090909091,1.0791812460476249,False
IMPD,3.9343993029078583,4.145468145519111,0.11904761904761904,0.8450980400142568,False
NTD9,3.2573297314886647,3.604117217713321,0.125,1.0,False
NTPP11,3.2917358250125477,3.1348278823292057,0.0,0.47712125471966244,False
XPPT,3.6047137652336625,3.924927077269983,0.1388888888888889,0.9542425094393249,False
PRMICI,4.679486949378128,3.518118947143153,0.0,0.3010299956639812,True
PRAIS,3.585950385309177,3.7620416443648583,0.0,0.47712125471966244,True
AGMT,3.2415410110338105,3.134802678361886,0.08333333333333333,0.6020599913279624,False
ARGDC,3.4526949798091104,3.151664984145129,0.0,0.3010299956639812,False
ARGTRS,0.0,0.0,0.0,0.0,False
ACONIs,2.138237363816942,2.5850259400267968,0.5,0.6989700043360189,False
GGPTRCO,2.6913201238451516,3.6142367025389044,0.08333333333333333,0.9542425094393249,False
URIC,3.015876478007413,3.938793056701166,0.08333333333333333,0.9542425094393249,False
OCTDPS,3.4854510850420835,3.883391093714121,0.15,0.6989700043360189,True
PPCDC,3.886456023335748,3.7103647642800666,0.0,0.3010299956639812,True
TPRDCOAS,2.3999638639730705,2.5134007503544002,0.3,0.6989700043360189,False
HSK,4.158889960082935,3.7609499514108973,0.0,0.3010299956639812,True
IPPMIa,3.1341771075767664,3.532117116248804,0.0,0.47712125471966244,True
GCALDD,3.6185952120232034,3.6643527025838787,0.05,0.6989700043360189,True
PGLYCP,0.0,0.0,0.0,0.47712125471966244,False
ALLTAMH,3.339004811918418,3.661224106652337,0.0,0.47712125471966244,False
GALUi,2.697999584327372,3.998497029977469,0.2598684210526316,1.255272505103306,False
O16GALFT,2.8488042291230724,3.214952403371259,0.3333333333333333,0.8450980400142568,False
UDPG4E,0.7599076072040869,1.9725477467776167,0.25384615384615383,1.0791812460476249,False
UGLT,2.156360822084272,3.916264423218959,0.2136627906976744,1.4313637641589874,False
MTAN,3.3052341966422256,3.49785232907118,0.2,0.7781512503836436,False
DTMPK,2.829143310176,3.2551120424482813,0.18518518518518517,0.9030899869919435,True
NDPK4,3.0116875969486907,3.5452902076208015,0.21428571428571427,0.7781512503836436,True
ADD,3.2110691107684257,3.817804007106375,0.1893939393939394,1.0791812460476249,False
ADPT,0.0,0.0,0.18181818181818182,1.0413926851582251,False
PUNP1,2.719422848175874,4.279059581192728,0.22525597269624573,1.3979400086720377,False
PUNP2,2.900351117413071,4.1909386293138935,0.25555555555555554,1.3424226808222062,False
RHCCE,3.447946168728445,4.078730311318302,0.05,0.6989700043360189,True
METSOXR1,3.530900584005164,3.842261951150875,0.0,0.8450980400142568,False
METSOXR2,3.530900584005164,3.842261951150875,0.0,0.8450980400142568,False
NTPP8,2.0130597504203513,1.6126451226204583,0.5,0.47712125471966244,False
OMPDC,2.777279391246809,2.3768647634469158,0.16666666666666666,0.47712125471966244,True
PYNP2r,2.836039030630479,4.198690520371897,0.2693877551020408,1.3617278360175928,False
UPPRT,3.4623647390192187,3.584828856499663,0.2222222222222222,1.0,False
URIH,2.705699456949904,3.4186064266356087,0.32857142857142857,0.9542425094393249,False
URIK2,3.3526177108151076,4.2326847710323365,0.22058823529411764,1.1760912590556813,False
UDCPDPS,3.4256069873198802,3.249515728264199,0.25,0.6020599913279624,True
UPLA4FNT,3.399933815788278,3.8545545238011525,0.14285714285714285,0.8450980400142568,False
GALT1,2.3011720319312476,2.7579015901594346,0.3611111111111111,0.9542425094393249,False
GLCTR1,3.17628958726535,3.6330191454935368,0.2638888888888889,0.9542425094393249,False
GLCTR2,2.2844249977645976,2.7411545559927846,0.3611111111111111,0.9542425094393249,False
GLCTR3,2.420678150029302,3.2242987753081294,0.2638888888888889,0.9542425094393249,False
O16GLCT2,2.5077835390735994,2.7267028038426617,0.2857142857142857,0.9030899869919435,False
GLYCK2,3.4238601852626567,3.544000038989188,0.16666666666666666,0.7781512503836436,False
PGM,2.1991166240386795,2.7375807908709566,0.18421052631578946,0.8450980400142568,True
SHKK,4.517723594833735,3.739572344450092,0.0,0.3010299956639812,True
UM3PL,2.884022954894932,2.884022954894932,0.0,0.6989700043360189,False
UM4PL,3.6640972495369484,3.488005990481267,0.0,0.6020599913279624,False
UGMDDS,3.779123684901486,3.779123684901486,0.05,0.6989700043360189,True
TRDR,2.8176948395492247,4.273652341181833,0.0,1.255272505103306,False
ADOCBIK,3.923777217664618,3.5258372089925802,0.0,0.3010299956639812,False
NTPTP2,2.490454429585815,3.3116403121946605,0.19444444444444445,0.9542425094393249,False
ADOCBLS,3.8522538937030086,4.15472913024117,0.06666666666666667,0.7781512503836436,False
CCGS,2.7623033632877685,3.0633333589517497,0.0,0.3010299956639812,False
DNTPPA,3.8201253699814144,3.8201253699814144,0.16666666666666666,0.47712125471966244,True
PGK,2.974456024199119,3.3924277271280303,0.19230769230769232,0.7781512503836436,True
DURIPP,2.7843347247646535,4.094621085835771,0.27832512315270935,1.3222192947339193,False
PUNP4,2.904673342584338,3.9560124385800353,0.3684210526315789,1.2041199826559248,False
PUNP6,2.779812361101445,3.8212691345770446,0.3333333333333333,1.255272505103306,False
TMDPP,2.9199812388809208,3.741131647160002,0.6721311475409836,1.0791812460476249,False
S7PI,3.5562822765268622,3.732373535582543,0.3333333333333333,0.47712125471966244,False
ADPRDP,2.8394049623387096,3.0392157659039505,0.5333333333333333,0.7781512503836436,False
AMPN,0.0,0.0,0.3472222222222222,0.9542425094393249,False
NMNN,2.4171483181723574,3.0384876945148176,0.38095238095238093,0.8450980400142568,False
RBK,3.3678569665374867,3.8309092048773086,0.18518518518518517,1.0413926851582251,False
RBP4E,3.951177765029509,3.9960298284110767,0.45454545454545453,0.9542425094393249,False
RPE,3.300635076955091,4.083813015204793,0.3767123287671233,1.1139433523068367,False
XYLK,2.9734193134142672,3.042181594515766,0.6,0.6989700043360189,False
CYANST,0.0,0.0,0.0,0.0,False
THRTRS,0.0,0.0,0.0,0.0,False
HEMEOS,0.0,0.0,0.0,0.3010299956639812,False
PPPGO,1.8388490907372552,0.9542425094393249,0.0,0.47712125471966244,False
SHCHD2,1.866287339084195,0.8450980400142568,0.0,0.3010299956639812,True
AGM4PA,0.0,0.0,0.0,0.47712125471966244,False
AM4PA,0.6334684555795865,1.0314084642516241,0.0,0.6020599913279624,False
LADGMDH,2.315050538069467,3.239329824131349,0.047619047619047616,0.8450980400142568,False
AGM3PA,0.7742910495695017,1.1493010975953,0.0,0.6020599913279624,False
AGM3PH,0.8037053548560317,0.8450980400142568,0.0,0.47712125471966244,False
AGM4PH,0.0,0.0,0.0,0.47712125471966244,False
AM3PA,1.9666739980522203,2.438594059086075,0.0,0.6989700043360189,False
DHNPA2r,2.9945165648203718,3.7503914204928632,0.10714285714285714,0.7781512503836436,True
RBFSb,4.10321965367603,4.504487605696995,0.0,0.6989700043360189,True
FLVR,2.7954994539152804,3.602808933040137,0.0,1.1139433523068367,False
FLVRx,2.7954994539152804,3.602808933040137,0.0,1.1139433523068367,False
ADSK,1.881541793045162,1.9607230390927868,0.0,0.47712125471966244,True
OXAMTC,2.793861874370915,3.049134379474221,0.3333333333333333,0.6020599913279624,False
AGMH,2.0238284720492166,2.2456772216655727,0.0,0.6020599913279624,False
ANHMK,3.0788386570598174,2.9819286440517607,0.0,0.6020599913279624,False
PNTK,4.172613875993366,3.5194013622180225,0.0,0.3010299956639812,True
G5SD,3.617292956918018,3.316262961254037,0.0,0.3010299956639812,False
GLNTRS,0.0,0.0,0.0,0.0,False
GLUTRR,3.701607453365889,3.9032528168939584,0.0,0.47712125471966244,True
GDPDPK,2.936466615954849,3.061405352563149,0.33076923076923076,1.0791812460476249,False
HXPRT,3.2802754975946624,3.956749450636241,0.14545454545454545,1.0413926851582251,False
IMPC,3.303769380820362,3.816906841665505,0.18571428571428572,0.9542425094393249,True
INSK,2.8119938914513507,3.2921731993489614,0.175,0.8450980400142568,False
MAN1PT2,2.761672539466508,3.8566480526973645,0.19915254237288135,1.2041199826559248,False
NTPP9,3.106070330968431,3.519302849235429,0.13333333333333333,0.7781512503836436,False
RNDR2,2.9059575730597564,3.6444361186794487,0.20192307692307693,1.1760912590556813,False
RNDR2b,2.748168884007582,3.4831550944690814,0.20192307692307693,1.1760912590556813,False
PANTS,3.350344948249062,3.5264362073047435,0.0,0.47712125471966244,True
AIRC3,3.4498223692733614,3.0518823606013235,0.0,0.3010299956639812,True
HISTD,2.7623033632877685,3.0633333589517497,0.0,0.3010299956639812,True
IPMD,3.525044807036845,3.525044807036845,0.0,0.3010299956639812,True
DXYLK,0.0,0.0,0.0,0.47712125471966244,False
PDXPP,3.1871445454280125,3.0622058088197126,0.0,0.47712125471966244,False
CHORM,2.7611758131557314,3.363235804483694,0.08333333333333333,0.6020599913279624,True
GLYCK,2.736936101530658,3.329852713418751,0.16666666666666666,0.8450980400142568,False
G1PTT,3.353604509361673,3.8307257640813357,0.4166666666666667,0.9542425094393249,False
TDPDRE,3.0899802234939004,3.0899802234939004,0.0,0.3010299956639812,False
UDPGD,2.8397655223271103,3.1407955179910916,0.4166666666666667,0.6020599913279624,False
DPR,3.0116172749753036,2.8355260159196223,0.0,0.3010299956639812,True
GLCP,2.808246866282554,3.5173278822943734,0.4111111111111111,1.0,False
GLCP2,2.3772788146629287,3.040602340114073,0.5,0.9542425094393249,False
GLGC,3.3344537511509307,3.760422483423212,0.5535714285714286,0.9030899869919435,False
DAPDC,2.565393884878251,3.2165911074182687,0.15,0.6989700043360189,True
FRULYSK,3.94527158150771,3.042181594515766,0.0,0.3010299956639812,False
LYSDC,3.0739414633917117,3.0739414633917117,0.16666666666666666,0.47712125471966244,False
LYSTRS,0.0,0.0,0.5,0.3010299956639812,False
PGL,3.4242229652038882,3.6003142242595696,0.0,0.47712125471966244,False
FOMETRi,2.802510596243088,3.041392685158225,0.6,0.6020599913279624,False
THFAT,3.0622058088197126,3.0622058088197126,0.6,0.6020599913279624,False
DURIK1,2.7961892654749048,3.0691905375386423,0.16666666666666666,0.6989700043360189,False
NTD5,3.3153513436460016,3.616381339309983,0.21428571428571427,0.7781512503836436,False
SELGTHR2,2.6267523961668733,3.4757905356209156,0.3409090909090909,1.0,False
SELGTHR3,2.0236730573893777,3.0675772110581936,0.3,1.0,False
FALDH2,3.5946479665425715,3.184222246322474,0.5,0.47712125471966244,False
RNDR1b,2.7991390916364787,2.9600940343702593,0.2,0.6020599913279624,False
PMPK,2.5000823931513505,3.0741136608790693,0.0,0.6989700043360189,True
A5PISO,2.2465109253967466,2.7046643410404294,0.4473684210526316,0.8450980400142568,True
GND,3.1151761547414276,3.480417217718027,0.3,0.7781512503836436,False
RBFSa,4.602130989698054,4.505220976689998,0.0,0.6020599913279624,True
DHPPDA2,3.404572327547155,3.404572327547155,0.0,0.3010299956639812,True
HPPK2,2.132512440430003,1.9564211813743215,0.0,0.3010299956639812,True
PYDAMK,3.0498258526950877,3.041392685158225,0.0,0.47712125471966244,False
PYDXNK,2.6492822201469113,3.041392685158225,0.0,0.6020599913279624,False
PYDXPP,2.9652957958116564,3.0622058088197126,0.0,0.6989700043360189,False
PRAIi,3.709464864508236,3.533373605452555,0.0,0.3010299956639812,True
OPHBDC,3.0600316785216313,3.537152933241294,0.0,0.47712125471966244,True
SADT2,2.7471675262274697,3.6754941648990207,0.3125,1.0791812460476249,True
GALCTND,0.0,0.0,0.0,0.0,False
ALTRH,3.6957880262155345,3.519696767159853,0.0,0.3010299956639812,False
MNNH,3.519696767159853,3.343605508104172,0.0,0.3010299956639812,False
GNK,3.6442415858437287,4.042181594515767,0.1,0.6989700043360189,False
HPYRRx,2.3375157695832223,2.5634810853944106,0.3333333333333333,0.6020599913279624,False
HPYRRy,2.3375157695832223,2.5634810853944106,0.3333333333333333,0.6020599913279624,False
MANPGH,0.0,0.0,0.2,0.7781512503836436,False
TMPPP,3.6384892569546374,3.5415792439465807,0.0,0.6020599913279624,True
DMATT,0.17609125905568124,0.0,0.3333333333333333,0.6020599913279624,True
IPDDI,2.324598996479274,3.040602340114073,0.26666666666666666,0.7781512503836436,False
GRTT,2.324992301390061,3.0808671570625523,0.23333333333333334,0.7781512503836436,True
CDPMEK,3.929269696620022,3.5313296879479843,0.0,0.3010299956639812,True
DHQS,3.35839175864902,3.7563317673210577,0.16666666666666666,0.47712125471966244,True
KDOPP,3.780483373127323,3.3033621184076605,0.0,0.3010299956639812,True
NTP11,0.0,0.0,0.0,0.0,False
NTPP10,3.3572782896018767,3.3572782896018767,0.0,0.3010299956639812,False
DADK,2.792866778937212,3.1652526831368615,0.25,0.7781512503836436,False
RNDR1,2.704999252703774,2.8694465305957473,0.2,0.6020599913279624,False
NTD6,3.436681106369772,3.6171371708279034,0.16666666666666666,0.6020599913279624,False
ACBIPGT,3.8103786663960513,3.7311974203484266,0.2,0.6989700043360189,False
BMOGDS1,0.8573324964312685,0.9542425094393249,0.35,0.6989700043360189,True
BMOGDS2,0.0,0.0,0.5833333333333334,0.6020599913279624,True
BWCOGDS1,0.8573324964312685,0.9542425094393249,0.35,0.6989700043360189,False
BWCOGDS2,0.0,0.0,0.5833333333333334,0.6020599913279624,False
CPMPS,3.8559555788682363,3.554925583204255,0.3333333333333333,0.6020599913279624,True
GDPMNH,2.5430758761609162,3.2556402664393347,0.3,0.9542425094393249,False
GP4GH,0.0,0.0,0.42857142857142855,0.8450980400142568,False
GTPDPK,2.929107143668572,3.3632593249950538,0.3333333333333333,0.6989700043360189,False
GTPHs,2.586706961886173,3.4106157028304915,0.2,0.6989700043360189,False
GUACYC,3.0622058088197126,3.0622058088197126,0.3333333333333333,0.6020599913279624,False
MOGDS,0.0,0.0,0.3333333333333333,0.6020599913279624,False
NTP3,0.6188349903867681,1.1908007375857268,0.46511627906976744,1.0,False
NTPP2,1.1416941124659081,1.2687989108307158,0.3333333333333333,0.7781512503836436,False
PPGPPDP,2.8176382191155884,3.343846475753872,0.3,0.9542425094393249,False
DGK1,2.5169884440842982,2.9729203997340226,0.25,0.7781512503836436,False
NTD8,4.156554275605735,3.4295555476694735,0.16666666666666666,0.47712125471966244,False
CYTK2,2.5536987829837074,3.009630738633432,0.25,0.7781512503836436,False
NTD3,3.5679635089816113,3.5679635089816113,0.16666666666666666,0.47712125471966244,False
NTD1,3.2759613995872714,3.271805439816114,0.2,0.6020599913279624,False
SELNPS,1.1571976425406771,1.1571976425406771,0.0,0.3010299956639812,False
DHCINDO,4.084754963179354,3.520483532740792,0.0,0.47712125471966244,False
ATPPRT,3.2379205663503803,3.5389505620143615,0.3333333333333333,0.6020599913279624,True
GUAPRT,3.2044751811159906,3.4565187160890978,0.16071428571428573,0.9030899869919435,False
NAMNPP,2.9805067035310375,3.389876173983857,0.15,0.8450980400142568,False
3HPPPNH,0.0,0.0,0.0,0.0,False
DHPPD,3.219846386024361,3.0437551269686796,0.0,0.3010299956639812,False
UPPDC1,3.6839789929906277,3.7979223452974646,0.0,0.47712125471966244,True
UAAGDS,3.5077354789102557,3.4108254659021995,0.08333333333333333,0.6020599913279624,True
BETALDHx,0.0,0.0,0.0,0.0,False
BETALDHy,0.0,0.0,0.0,0.0,False
FCI,0.0,0.0,0.0,0.0,False
ALR4x,0.0,0.0,0.0,0.3010299956639812,False
LCARR,0.0,0.0,0.0,0.3010299956639812,False
NNATr,2.296665190261531,3.062581984228163,0.2,0.6989700043360189,True
NNDMBRT,3.312298311167879,3.8985640353126096,0.14285714285714285,0.7781512503836436,False
RMI,0.0,0.0,0.0,0.0,False
GLTPD,0.0,0.0,0.0,0.0,False
OMMBLHX,3.4272911405269975,2.9501698858073353,0.0,0.3010299956639812,False
OMMBLHX3,3.4272911405269975,2.9501698858073353,0.0,0.3010299956639812,False
DURADx,0.0,0.0,0.5769230769230769,0.9030899869919435,False
PYROX,3.4608978427565478,3.761927838420529,0.43333333333333335,0.7781512503836436,False
HEPK2,4.471033725415381,3.9939124706957188,0.0,0.3010299956639812,False
RHAT1,3.20223959053471,3.5062750963384164,0.1,0.6989700043360189,False
PUNP3,2.6764931021930995,3.898917921321029,0.3401360544217687,1.255272505103306,False
PUNP5,2.355503296570147,3.6499734438335354,0.2955665024630542,1.3222192947339193,False
PUNP7,2.8383217416078192,4.023404395401718,0.35714285714285715,1.255272505103306,False
R1PK,3.8161003890200083,3.5472550767274282,0.7142857142857143,0.8450980400142568,False
APCS,3.6161989378064843,3.315168942142503,0.0,0.47712125471966244,False
OMPHHX,2.4405644140938265,1.8964963697435508,0.0,0.3010299956639812,False
OMPHHX3,2.4405644140938265,1.8964963697435508,0.0,0.3010299956639812,False
OPHHX,3.5924539300929967,3.048385885742721,0.0,0.3010299956639812,False
OPHHX3,3.5924539300929967,3.048385885742721,0.0,0.3010299956639812,False
UPP3S,3.6871944167262183,3.8913143993821433,0.0,0.47712125471966244,True
MPTS,3.384205202487066,4.132393229493267,0.125,0.9030899869919435,True
MPTSS,4.187222088427961,3.88619209276398,0.5,0.3010299956639812,True
GMHEPAT,4.11708465301384,3.719144644341802,0.0,0.3010299956639812,False
HEPT3,3.8201930176092356,3.996284276664917,0.0,0.47712125471966244,False
HEPT4,0.0,0.0,0.0,0.3010299956639812,False
HEPK1,3.7596124808733546,3.5835212218176737,0.0,0.3010299956639812,False
MOCOS,1.7842577628830507,2.464744361525056,0.15,0.6989700043360189,True
ALLPI,3.9070887450742955,3.041787318971752,0.0,0.47712125471966244,False
HEX4,2.9486374258757464,3.230644184226297,0.3333333333333333,0.6989700043360189,False
MN6PP,2.8574321596454157,2.8574321596454157,0.4444444444444444,0.6989700043360189,False
PMANM,2.9000778477364677,3.225901266739212,0.275,0.8450980400142568,False
GDPMNP,2.4410470068019015,2.851342092494949,0.21428571428571427,0.7781512503836436,False
GSNK,2.7980875125505693,2.925192310915377,0.21428571428571427,0.7781512503836436,False
PDE4,3.0903791458490986,3.041392685158225,0.16666666666666666,0.6020599913279624,False
NTD11,2.855010768656798,3.257067343523668,0.2037037037037037,0.9030899869919435,False
NTD10,2.8194550937511833,2.8652125843118585,0.2,0.6989700043360189,False
GUAD,3.0921965506717157,3.3554379854462972,0.3,0.6989700043360189,False
HXAND,3.1038885554166193,3.5132580258694386,0.2619047619047619,0.8450980400142568,False
XTSNH,2.392707240715078,2.8313214985140034,0.25,0.7781512503836436,False
PRAMPC,3.5251744278352715,3.5251744278352715,0.0,0.3010299956639812,True
ALLTN,3.8424017397635484,3.666310480707867,0.0,0.3010299956639812,False
XAND,4.196757334805551,3.9414848297022447,0.2,0.6989700043360189,False
URDGLYCD,3.370618297035111,3.06958830137113,0.0,0.3010299956639812,False
UDPGALM,1.6518341693540821,1.2838573840594878,0.3333333333333333,0.47712125471966244,False
NTPP7,1.8749016358353119,1.816909688857625,0.5,0.47712125471966244,False
TMDK1,2.713859464413517,2.7808062540441303,0.4,0.6020599913279624,False
ADNUC,2.2351655942804944,2.625083053368613,0.3,0.8450980400142568,False
ADA,2.399821894231881,2.5977584864428263,0.3,0.6989700043360189,False
ADNK1,0.0,0.0,0.5,0.3010299956639812,False
NTD7,0.0,0.0,0.3333333333333333,0.6020599913279624,False
DADA,3.1167033710119276,2.3385521206282838,0.5,0.47712125471966244,False
DHPTDCs2,2.761927838420529,3.0629578340845103,0.0,0.3010299956639812,True
SHK3Dr,3.7438232216037504,3.7438232216037504,0.0,0.3010299956639812,True
DSBDR,0.0,0.0,0.0,0.3010299956639812,False
RZ5PP,4.3718738912207025,3.89475263650104,0.0,0.3010299956639812,False
CDGR,0.0,0.0,0.0,0.0,False
DNMPPA,3.7196522156021414,3.8165622286101977,0.3333333333333333,0.47712125471966244,True
DCYTD,3.6906696164864683,3.561574920107011,0.16666666666666666,0.47712125471966244,False
INSH,2.326442130481471,2.8608235805618896,0.2777777777777778,0.9030899869919435,False
NTD12,4.301095172433175,3.34685266299385,0.0,0.3010299956639812,False
GMHEPK,3.728008525890032,3.728008525890032,0.0,0.3010299956639812,False
NADN,0.0,0.0,0.0,0.3010299956639812,False
NADDP,0.0,0.0,0.0,0.47712125471966244,False
NNAM,1.372298159077237,1.0043213737826426,0.0,0.47712125471966244,False
RBK_L1,3.6953941082911097,3.042181594515766,0.0,0.3010299956639812,False
X5PL3E,4.297454099619072,3.82033284489941,0.0,0.47712125471966244,False
XYLI1,0.0,0.0,0.0,0.0,False
DHNPTE,2.3935752032695876,3.062581984228163,0.2,0.6020599913279624,False
G1SAT,3.9002578584377776,3.9002578584377776,0.0,0.3010299956639812,True
GMAND,3.3639878297484915,3.3639878297484915,0.0,0.3010299956639812,False
ADK4,2.7415455167762093,3.0425755124401905,0.3,0.6020599913279624,False
ATPHs,0.0,0.0,0.5,0.47712125471966244,False
HISTRS,0.0,0.0,0.0,0.0,False
TDPDRR,3.4684258911776373,3.0704858825056,0.0,0.3010299956639812,False
GLCS1,3.7351424682511194,3.7563317673210577,0.16666666666666666,0.47712125471966244,False
GLDBRAN2,-0.021189299069938047,0.0,0.0,0.47712125471966244,False
GLBRAN2,3.113358331267094,3.363235804483694,0.0,0.6020599913279624,False
FRULYSE,0.0,0.0,0.0,0.0,False
2MAHMP,0.0,0.0,0.0,0.3010299956639812,False
HMPK1,0.0,0.0,0.0,0.0,False
PMDPHT,3.686720565804366,3.3856905701403845,0.0,0.3010299956639812,True
APRAUR,3.395234055687062,3.395234055687062,0.0,0.3010299956639812,True
TAGURr,2.8211203237768236,3.3439990690571615,0.2,0.6020599913279624,False
MANAO,2.5658478186735176,3.0429690733931802,0.0,0.47712125471966244,False
2DGULRGx,2.7531311088449355,2.7421357245434725,0.16666666666666666,0.47712125471966244,False
2DGULRGy,2.7531311088449355,2.7421357245434725,0.16666666666666666,0.47712125471966244,False
5DGLCNR,3.1977726765713683,3.8210219669692687,0.2222222222222222,0.9030899869919435,False
HETZK,0.0,0.0,0.0,0.0,False
TMPK,2.4913616938342726,3.3664229572259727,0.0,0.6989700043360189,True
DHQTi,3.571941635074462,3.7480328941301435,0.16666666666666666,0.47712125471966244,True
QUINDH,0.0,0.0,0.5,0.3010299956639812,False
BMOCOS,2.3508010092182197,2.464744361525056,0.25,0.6020599913279624,True
BWCOS,2.3508010092182197,2.464744361525056,0.25,0.6020599913279624,False
GTPDPDP,1.5748644242768983,0.9216519105015547,0.0,0.3010299956639812,False
NTP12,0.0,0.0,0.0,0.0,False
3HCINNMH,0.0,0.0,0.0,0.0,False
DHCIND,3.2198463860243605,3.0437551269686796,0.0,0.3010299956639812,False
PRATPP,3.532117116248804,3.532117116248804,0.0,0.3010299956639812,True
PPPNDO,0.0,0.0,0.0,0.0,False
NADS1,0.0,0.0,0.0,0.0,True
NMNDA,0.972847753956385,1.0142404391146103,0.16666666666666666,0.47712125471966244,False
URACPAH,3.0121808365043683,3.665393350279712,0.0,0.47712125471966244,False
HMBS,4.070407321740119,3.8943160626844384,0.0,0.3010299956639812,True
MPTAT,2.955218627558082,3.668429071008711,0.3,0.6989700043360189,True
WCOS,2.3846122368129983,2.4357647592603793,0.5,0.47712125471966244,False
GMHEPPA,3.7235991985256316,3.7235991985256316,0.0,0.3010299956639812,False
ALLK,0.0,0.0,0.0,0.0,False
MTHTHFSs,0.0,0.0,0.0,0.0,True
NMNAT,0.0,0.0,0.0,0.0,False
ARAI,0.0,0.0,0.0,0.0,False
KG6PDC,3.519696767159853,3.519696767159853,0.0,0.47712125471966244,False
XYLK2,3.218666771495872,3.0425755124401905,0.0,0.3010299956639812,False
DHMPTR,0.0,0.0,0.0,0.0,False
PPBNGS,3.8972971220594967,3.8972971220594967,0.0,0.3010299956639812,True
GDMANE,2.7623033632877685,3.0633333589517497,0.0,0.3010299956639812,False
NTP10,0.0,0.0,0.5,0.47712125471966244,False
GALCTLO,0.0,0.0,1.0,0.3010299956639812,False
GUI2,0.0,0.0,0.5,0.47712125471966244,False
GUI1,0.0,0.0,0.0,0.3010299956639812,False
DKGLCNR1,0.0,0.0,0.0,0.6020599913279624,False
DKGLCNR2x,0.0,0.0,0.8333333333333334,0.47712125471966244,False
DKGLCNR2y,0.0,0.0,0.8333333333333334,0.47712125471966244,False
IDOND,3.105444675382731,3.520418023353549,0.23076923076923078,0.9030899869919435,False
IDOND2,0.0,0.0,0.5555555555555556,0.6989700043360189,False
TDP,0.0,0.0,0.0,0.3010299956639812,False
TMK,0.0,0.0,0.0,0.0,False
ThDPAT,0.0,0.0,0.0,0.0,False
CINNDO,0.0,0.0,0.0,0.0,False
CBMD,0.0,0.0,0.0,0.0,False
POAACR,3.3647385550553985,3.3647385550553985,0.0,0.3010299956639812,False
3KGK,3.219060332448861,3.0429690733931802,0.0,0.3010299956639812,False
ASCBPL,0.0,0.0,0.0,0.0,False
LYXI,0.0,0.0,0.0,0.0,False
GOFUCR,0.0,0.0,0.0,0.0,False
2DGULRx,0.47712125471966244,-0.12493873660829995,0.0,0.3010299956639812,False
2DGULRy,0.47712125471966244,-0.12493873660829995,0.0,0.3010299956639812,False
3AMACHYD,2.7630534402996147,3.064083435963596,0.0,0.3010299956639812,False
DOGULNR,0.0,0.0,0.0,0.0,False
MSAR,0.0,0.0,0.0,0.0,False
